Search_Query,URL,Raw_Text
Game of Thrones Online RPG,https://got.gtarcade.com/,"We use cookies on this website. By using this website, we’ll assume you consent to all cookies we set . Home Game Info Army of the Dead Alliance Conquest Commanders Westeros-Map Equipment How to play Starters Advanced Video Strategy News News Events Updates Strategy Media Community Facebook Forum Instagram YouTube Twitter Recharge Support Home Game Info How to play News Support Game of Thrones series title and artwork © 2019 Home Box Office, Inc. All Rights Reserved. HBO and related trademarks are the property of Home Box Office, Inc. Under license to WB Games. latest news [Notice] Update Notice Sep 10th Sep 09, 2026 [Notice] Update Notice Sep 10th Sep 09, 2026 [Notice] Update Notice August 27th Aug 26, 2026 [Notice] Update Notice August 27th Aug 26, 2026 [Notice] Update Notice August 13th Aug 12, 2026 [Notice] Update Notice August 13th Aug 12, 2026 Follow Us for More News conquer westeros Winterfell The seat of the ruler of the North and the ancestral home of House Stark. Winterfell The seat of the ruler of the North and the ancestral home of House Stark. The Eyrie The regional capital and the seat of House Arryn. The Eyrie The regional capital and the seat of House Arryn. King's Landing The capital and largest city of the Seven Kingdoms. King's Landing The capital and largest city of the Seven Kingdoms. Casterly Rock The ancestral stronghold of House Lannister. Casterly Rock The ancestral stronghold of House Lannister. Storm's End The ancestral seat of House Baratheon, and one of three major castles held by the former royal house. Storm's End The ancestral seat of House Baratheon, and one of three major castles held by the former royal house. game features Assemble Your Army Prove Your Skills Build Your Castle Conquer Westeros Truly Global Servers Embrace a Massive 3D World 10K Troops Battle video video wallpapers wallpapers News Events Updates Strategy Media >
                                                [Notice] Update Notice Sep 10th Sep 09,2026 >
                                                [Notice] Update Notice August 27th Aug 26,2026 >
                                                [Notice] Update Notice August 13th Aug 12,2026 >
                                                [Notice] Update Notice Sep 10th Sep 09,2026 >
                                                [Notice] Update Notice August 27th Aug 26,2026 >
                                                [Notice] Update Notice August 13th Aug 12,2026 >
                                                All-Out War FAQ Sep 26,2022 >
                                                All you need to know about the All-out war! Sep 14,2022 >
                                                Midsummer Festival: Take a Toast and Have Fun! Jun 02,2021 >
                                                All-Out War FAQ Sep 26,2022 >
                                                All you need to know about the All-out war! Sep 14,2022 >
                                                Midsummer Festival: Take a Toast and Have Fun! Jun 02,2021 >
                                                【News】Experience and Explore the New Idle Mode of Weirwood Tree Trials! Feb 23,2023 >
                                                【News】A Simpler Commander Promotion System Is Here! Feb 23,2023 >
                                                Update Notice 2021.12.16 Dec 15,2021 >
                                                【News】Experience and Explore the New Idle Mode of Weirwood Tree Trials! Feb 23,2023 >
                                                【News】A Simpler Commander Promotion System Is Here! Feb 23,2023 >
                                                Update Notice 2021.12.16 Dec 15,2021 >
                                                Basic Tips for Newbies Oct 12,2022 >
                                                ゲーム内の主なイベントの概要 Oct 12,2022 >
                                                Eine Zusammenfassung der wichtigsten Events innerhalb des Spiels Oct 12,2022 >
                                                Basic Tips for Newbies Oct 12,2022 >
                                                ゲーム内の主なイベントの概要 Oct 12,2022 >
                                                Eine Zusammenfassung der wichtigsten Events innerhalb des Spiels Oct 12,2022 >
                                                Game of Thrones Winter is Coming Announced at Gamescom 2018 Jan 21,2019 >
                                                Game of Thrones Winter is Coming Announced at Gamescom 2018 Jan 21,2019 Please press Ctrl +D to bookmark the page. Coming Soon!"
Game of Thrones Online RPG,https://www.zynga.com/games/game-of-thrones-legends/,"Games Company News Advertisers Blog Our Story Leadership Press Kit News Advertisers Blog Our Story Leadership Press Kit Careers Life at Zynga Job Openings Interns & Grads Play With Pride Life at Zynga Job Openings Interns & Grads Play With Pride Support Player Support Player ID & PIN Player Support Player ID & PIN Games Company News Leadership Advertisers Blog News Leadership Advertisers Blog Careers Life at Zynga Job Openings Locations Disciplines University Life at Zynga Job Openings Locations Disciplines University Support Security Update Player Support Player Forums Security Update Player Support Player Forums 101 Okey Plus 1010! Backgammon Plus Baseball Heroes Bid Whist Plus Black Diamond Casino Blob Runner 3D Boggle With Friends Boggle: Arcade Edition Build Roads Çanak Okey Plus Car Restoration 3D Cashier 3D Crosswords With Friends CSR Racing 2 Dragon City Empires & Puzzles: RPG Quest FarmVille 2 FarmVille 2: Country Escape FarmVille 2: Tropic Escape FarmVille 3 Fit and Squeeze Flipper Dunk FreeCell Solitaire Game of Thrones Slots Casino Game of Thrones: Legends Garden Tails Gear Race 3D Gin Rummy Plus Go Knots 3D Gold Rush 3D! Golf Rival Gun Gang Hair Challenge Harry Potter: Puzzles & Spells High Heels! Hit Guys Hit It Rich! Joust Run Match Factory! Merge Dragons! Merge Farm! Merge Magic! Money Maker 3D Monster Legends Oil Well Drilling Okey Plus Onnect Overloaded Picker 3D Pixel Shot 3D Puzzle Combat Queen Bee! Repair Master 3D Repair My Car! Rummy Plus – Original Card Game Solitaire Spades Plus Tangle Master 3D Tiny Royale: ZOMBIES! Toon Blast Towing Race Toy Blast Two Dots Willy Wonka Slots Wizard of Oz Magic Match Wizard of Oz Slots Wonka’s World of Candy Wood Shop Word Life Words With Friends Zynga Poker Winter is Coming in Game of Thrones: Legends. Download now! Assemble your dream team of Champions from both the Game of Thrones and House of the Dragon TV series like Jon Snow, Daenerys Targaryen, Tyrion Lannister, Rhaenyra Targaryen and more and lead them to battle as you journey deep into Westeros. The fight to avert the Long Night starts now. Forge your own journey towards fame and glory as the leader of your own House of Westeros. Strategically collect and upgrade iconic champions from the different eras of the Game of Thrones universe, pairing them with iconic weapons and gear to fight epic puzzle battles to progress deeper on your quest. Immerse yourself in the exciting world of Game of Thrones where a cunning strategy means reaping the rewards of fiercely fought battles and strategic thinking. CREATE A LEGENDARY TEAM OF CHAMPIONS Seize the chance to team up Khal Drogo, Arya Stark, the Hound, and more! Build your house and train your team to increase their power, unlock new abilities, and fight for Westeros. EPIC PUZZLE-RPG GAMEPLAY Make matches and strategically clear puzzles to charge your Champions’ special abilities. Set up amazing combos to deal extra damage and savage your enemies. Become the most powerful player in Westeros as you progress deeper in your Westeros story by maxing out your champions’ power and completing key milestones. UNLEASH SPECIAL CHARACTER ABILITIES Exercise each Champions’ unique powerful ability by charging them up with matches. Strategically customize your team by equipping characters with deadly weapons or iconic items unique to them – such as pairing Jon Snow with Longclaw or Arya with Needle – to defeat your enemies and turn the tide of battle in your favor. BATTLE IN NARRATIVE-DRIVEN EVENTS Immerse yourself in Game of Thrones lore. Tackle special challenges or fight in limited time events and tournaments based on iconic moments to gain power and progress in your journey. For example, fight The Battle of the Bastards to add Ramsay Bolton or Wun Wun, the Wildling Giant, to your collection. FORM A NEW HOUSE & JOIN ALLIANCE WARS Partner your noble House of Westeros with Houses commanded by other players to form an Alliance. Work together to fight enemies for bigger rewards, and collectively compete against rival Alliances in Tournaments & Special Events to climb the rungs of power and conquer the Seven Kingdoms. Featured Game Game of Thrones: Legends"
Game of Thrones Online RPG,https://got.r2games.com/,"R2Games GAMES Logout EN DE FR ES PL PT DE FR ES PL PT Game of Thrones Winter is Coming New Update 7/3 [ 07/02/2025 ] Game of Thrones Winter is Coming New Update 6/19 [ 06/18/2025 ] Game of Thrones Winter is Coming New Update 5/22 [ 05/21/2025 ] Game of Thrones Winter is Coming New Update 5/8 [ 05/07/2025 ] Game of Thrones Winter is Coming New Update 3/13 [ 03/12/2025 ] Game of Thrones Winter is Coming New Update 2/27 [ 02/26/2025 ] Game of Thrones Winter is Coming New Update 2/13 [ 02/12/2025 ] Game of Thrones Winter is Coming New Update 1/9 [ 01/09/2025 ] Game of Thrones Winter is Coming New Update 11/26 [ 11/25/2024 ] Game of Thrones Winter is Coming New Update 10/31 [ 10/30/2024 ] Game of Thrones Winter is Coming New Update 09/12 [ 09/12/2024 ] Game of Thrones Winter is Coming New Update 08/15 [ 08/14/2024 ] Game of Thrones Winter is Coming New Update 08/01 [ 08/01/2024 ] Game of Thrones Winter is Coming New Update 07/18 [ 07/17/2024 ] Game of Thrones Winter is Coming New Update 07/05 [ 07/03/2024 ] Game of Thrones Winter is Coming New Update 06/20 [ 06/19/2024 ] Game of Thrones Winter is Coming New Update 06/06 [ 06/05/2024 ] Game of Thrones Winter is Coming New Update 05/23 [ 05/22/2024 ] Game of Thrones Winter is Coming New Update 05/09 [ 05/09/2024 ] Game of Thrones Winter is Coming New Update 02/02 [ 02/01/2024 ] Game of Thrones Winter is Coming New Update 01/18 [ 01/17/2024 ] Game of Thrones Winter is Coming Update 12/14 [ 12/13/2023 ] Game of Thrones Winter is Coming New Update 11/30 [ 11/29/2023 ] Game of Thrones Winter is Coming New Update 11/16 [ 11/15/2023 ] Game of Thrones Winter is Coming New Update 10/27 [ 10/26/2023 ] Game of Thrones Winter is Coming New Update 10/12 [ 10/11/2023 ] Game of Thrones Winter is Coming New Update 09/21 [ 09/20/2023 ] Game of Thrones Winter is Coming New Update 08/11 [ 08/10/2023 ] Game of Thrones Winter is Coming New Update 08/03 [ 08/02/2023 ] Game of Thrones Winter is Coming New Update 06/29 [ 06/28/2023 ] Game of Thrones Winter is Coming New Update 06/15 [ 06/14/2023 ] Game of Thrones Winter is Coming New Update 04/13 [ 04/12/2023 ] Game of Thrones: Winter is Coming Is Celebrating its 4th Anniversary with a Festival Event [ 04/02/2023 ] Game of Thrones Winter is Coming New Update 03/23 [ 03/22/2023 ] Game of Thrones Winter is Coming New Update 03/09 [ 03/08/2023 ] Game of Thrones Winter is Coming New Update 02/23 [ 02/22/2023 ] Game of Thrones Winter is Coming New Update 01/12 [ 01/11/2023 ] Game of Thrones Winter is Coming New Update 12/29 [ 12/28/2022 ] Game of Thrones Winter is Coming New Update 12/08 [ 12/07/2022 ] Game of Thrones Winter is Coming New Update 11/14 [ 11/23/2022 ] Game of Thrones Winter is Coming New Update 11/3 [ 11/02/2022 ] The R2Games Halloween Celebrations Consist of Events Galore and a Whole New Game [ 10/30/2022 ] Game of Thrones Winter is Coming New Update 09/29 [ 09/28/2022 ] Game of Thrones Winter is Coming New Update 09/15 [ 09/14/2022 ] Game of Thrones Winter is Coming New Update 08/31 [ 08/30/2022 ] Game of Thrones Winter is Coming New Update 08/19 [ 08/18/2022 ] Game of Thrones Winter is Coming New Update 08/04 [ 08/03/2022 ] Game of Thrones Winter is Coming New Update 07/21 [ 07/20/2022 ] Game of Thrones Winter is Coming New Update 07/07 [ 07/07/2022 ] Game of Thrones Winter is Coming New Update 06/23 [ 06/22/2022 ] Game of Thrones Winter is Coming New Update 06/02 [ 06/01/2022 ] Game of Thrones Winter is Coming New Update 05/12 [ 05/11/2022 ] Game of Thrones Winter is Coming New Update 04/28 [ 04/27/2022 ] Game of Thrones Winter is Coming New Update 03/24 [ 03/23/2022 ] R2Games is celebrating the 3rd anniversary of Game of Thrones: Winter is Coming with free gifts [ 03/20/2022 ] Join Us in the GoTWiC 3rd Anniversary Party! [ 03/18/2022 ] Game of Thrones Winter is Coming New Update 03/03 [ 03/02/2022 ] Game of Thrones Winter is Coming New Update 02/18 [ 02/17/2022 ] Game of Thrones Winter is Coming New Update 01/21 [ 01/20/2022 ] Game of Thrones Winter is Coming New Update 12/16 [ 12/16/2021 ] Game of Thrones Winter is Coming New Update 11/30 [ 11/29/2021 ] Game of Thrones Winter is Coming New Update 11/19 [ 11/18/2021 ] Game of Thrones Winter is Coming New Update 11/04 [ 11/03/2021 ] Game of Thrones Winter is Coming New Update 10/21 [ 10/20/2021 ] Game of Thrones Winter is Coming New Update 09/27 [ 09/26/2021 ] Game of Thrones Winter is Coming New Update 09/16 [ 09/15/2021 ] Game of Thrones Winter is Coming New Update 09/02 [ 09/01/2021 ] Game of Thrones Winter is Coming New Update 08/19 [ 08/18/2021 ] [Update] Game of Thrones Winter is Coming New Update 08/05 [ 08/04/2021 ] [Update] Game of Thrones Winter is Coming New Update 07/22 [ 07/21/2021 ] [Update] Game of Thrones Winter is Coming New Update 06/18 [ 06/16/2021 ] [Update] Game of Thrones Winter is Coming New Update 06/03 [ 06/02/2021 ] [Update] Game of Thrones Winter is Coming New Update 05/20 [ 05/19/2021 ] [Update] Game of Thrones Winter is Coming New Update 05/07 [ 05/06/2021 ] Emergency Maintenance 16/04/2021 [ 04/16/2021 ] [Update] Game of Thrones Winter is Coming New Update 04/16 [ 04/15/2021 ] Maintenance Announcement 01/04/2021 [ 04/01/2021 ] [Update] Game of Thrones Winter is Coming New Update 04/01 [ 04/01/2021 ] [Update] Game of Thrones Winter is Coming New Update 03/30 [ 03/29/2021 ] [Update] Game of Thrones Winter is Coming New Update 03/04 [ 03/03/2021 ] [Update] Game of Thrones Winter is Coming New Update 02/22 [ 02/20/2021 ] [Update] Game of Thrones Winter is Coming New Update 02/04 [ 02/03/2021 ] Awakening System 2.0: Start Fresh and Plan Your Awakening of Commanders! [ 01/25/2021 ] [Update] Game of Thrones Winter is Coming New Update 01/26 [ 01/25/2021 ] [Update] Game of Thrones Winter is Coming New Update 01/26 [ 01/25/2021 ] Check out the Winners in the R2Games Top Games Awards [ 01/20/2021 ] Emergency Notice [ 12/15/2020 ] [Update] Game of Thrones Winter is Coming New Update 12/04 [ 12/03/2020 ] [Update] Game of Thrones Winter is Coming New Update 12/15 [ 12/14/2020 ] [Update] Game of Thrones Winter is Coming New Update 12/04 [ 12/03/2020 ] [Update] Game of Thrones Winter is Coming New Update 06/30 [ 06/29/2021 ] [Update] Game of Thrones Winter is Coming New Update 11/20 [ 11/19/2020 ] [Update] Game of Thrones Winter is Coming New Update 11/05 [ 11/04/2020 ] R2games Held 7 Special Events At This Halloween 2020 [ 10/30/2020 ] [Update] Game of Thrones Winter is Coming New Update 10/22 [ 10/21/2020 ] New Feature: RTS Battle Event ""Siege of Winterfell "" [ 10/12/2020 ] [Update] Game of Thrones Winter is Coming New Update 10/10 [ 10/09/2020 ] Wedding System Preview [ 09/03/2020 ] Update Notice August 27th [ 08/27/2020 ] Awaken Your Commanders and Unleash the Skills! [ 09/27/2020 ] [Update] Game of Thrones Winter is Coming New Update 9/17 [ 09/16/2020 ] [Update] Game of Thrones Winter is Coming New Update 12/29 [ 12/28/2020 ] [Gamezebo] 5 Reasons You Need to Play Game of Thrones Winter is Coming on R2Games [ 09/15/2020 ] Vote for Your Favourite Commander [ 09/10/2020 ] Join our official Discord! [ 09/04/2020 ] Official Launch Announcement [ 08/27/2020 ] âGet Ready to Complete Quests in New Event Weirwood Memories! [ 08/07/2020 ] The Optimized Treasure Seeker Will Start on July 12th! [ 08/07/2020 ] Album Collection: Relive the GOT Storyline and Increase Power! [ 08/07/2020 ] Team up with Your Friends to Seek Treasure throughout Westeros! [ 08/07/2020 ] Customize Your Dragon and Gain Buffs! [ 08/07/2020 ] Champion City Siege [ 08/07/2020 ] Join the Autumnfest Event on R2 Games! [ 09/18/2023 ] 3rd Anniversary-limited Events Online! [ 03/04/2022 ] Join in Ultimate Conquest to Fight for Glory and Rewards! [ 09/10/2020 ] New Season of Alliance Conquest: Check Out the New Rules! [ 08/07/2020 ]"
Game of Thrones Online RPG,https://www.gameofthroneslegends.com/,"Build your own House of Legends Play Game of Thrones: Legends, the new puzzle RPG. Join the Game of Thrones: Legends Community! Assemble a Legendary team of Champions Team up iconic characters such as Jon Snow and Rhaenyra Targaryan. Fight for fame and glory Execute moves, charge your Champions’ Special Abilities, and utilize powerful combos to obliterate your enemies. Form an Unbreakable Alliance Pair characters, weapons and abilities to dominate in epic battles. Destroy Opponents in Epic Battles Prevail over special challenges and fight in kingly tournaments based on gripping moments. Forge your own Journey Form a new House of Westeros and battle rival Alliances in Tournaments and Special Events in a game of thrones. Join the Game of Thrones: Legends Community! Fight for the Iron Throne! Download Now!"
Game of Thrones Online RPG,https://gameofthrones.netmarble.com/en,Westeros holds many secrets Defend your Legacy Game Overview Classes Knight See More Sellsword See More Assassin See More Media News Newsletter Get the latest on Game of Thrones: Kingsroad! I agree to the Terms of Service and Privacy Policy . X YOUTUBE DISCORD FACEBOOK INSTAGRAM FORUM Share News of Game of Thrones: Kingsroad facebook X link copy
Elderscrolls Online,https://en.wikipedia.org/wiki/The_Elder_Scrolls_Online,"Nick Konkle Richard Lambert Jared Carr Mathew Weathers Wynne McLaughlin Lawrence Schick Windows macOS PlayStation 4 PlayStation 5 Xbox One Xbox Series X/S Windows , macOS April 4, 2014 PS4 , Xbox One June 9, 2015 PS5 , Xbox Series X/S June 15, 2021 The Elder Scrolls Online , abbreviated ESO , is a massively multiplayer online role-playing game (MMORPG) developed by ZeniMax Online Studios and published by Bethesda Softworks . [ 2 ] [ 3 ] The game is a part of the Elder Scrolls series. It was released for Windows and macOS in April 2014, for PlayStation 4 and Xbox One in June 2015, and for PlayStation 5 and Xbox Series X/S in June 2021. [ 4 ] [ 5 ] The Elder Scrolls Online is set on the continent of Tamriel and features a storyline indirectly connected with the other games in the Elder Scrolls series. The game was in development for seven years before its release in 2014 and launched with a mandatory monthly subscription model. The Elder Scrolls Online initially received mixed reviews from critics. Reception improved significantly with the March 2015 re-release and rebranding as The Elder Scrolls Online: Tamriel Unlimited , transitioning to a buy-to-play model with microtransactions and an optional subscription. [ 6 ] [ 7 ] The game had sold over 15 million units by 2020 and generated over $2 billion in revenue by 2024. In December 2024, ZeniMax Online Studios revealed a major shift in content delivery for The Elder Scrolls Online . Beginning in 2025, the game moved away from its traditional annual chapter releases in favor of a seasonal content model. This new structure is designed to offer players more frequent and consistent updates throughout the year. [ 8 ] Gameplay Like previous Elder Scrolls games, The Elder Scrolls Online can be played from either a first or third-person perspective . Gameplay is mostly non-linear, with a mixture of quests, random events, and free-roaming exploration of the world. [ 9 ] The game does not provide a mode for single-player offline play, although the developers stated that there would be ""plenty of content"" for online solo play. [ 10 ] The player can choose between ten different races for their character: Humans: Nords, Redguards, Bretons, and (with separate purchase) Imperials Elvish races: Dunmer (Dark Elves), Altmer (High Elves), Bosmer (Wood Elves), and Orsimer (Orcs) Bestial races: Khajiit and Argonians Players also choose one of seven classes when creating a character: Dragonknight, Sorcerer, Nightblade, Templar, Warden, Necromancer, or Arcanist. Each class gives the player different attacks, spells, and passive effects. The game has other character choices beyond those of race and class, such as the player character also being able to become either a vampire or a werewolf, each of which grants access to its own skill tree. As of Update 49, released on March 9, 2026, it has become more accessible to become either a vampire or a werewolf. The monetization of cures in the Crown Store has been removed along with the option of purchasing vampirism/lycanthropy. There are seven different crafting skill lines: Alchemy, Blacksmithing, Clothier, Enchanting, Woodworking, Provisioning, and Jewelry Crafting. Setting The Elder Scrolls Online is set on the continent of Tamriel during the Second Era, but not all places in Tamriel are playable. The events of the game occur a millennium before those of The Elder Scrolls V: Skyrim and around 800 years before The Elder Scrolls III: Morrowind and The Elder Scrolls IV: Oblivion . Its structure is broadly similar to Skyrim , with two separate conflicts progressing at the same time, one with the fate of the world in the balance, and one where the prize is supreme power on Tamriel. In The Elder Scrolls Online , the first struggle is against the Daedric Prince Molag Bal, who is attempting to meld the plane of Mundus with his realm of Coldharbour, and the second is to capture the vacant imperial throne, contested by three alliances of the mortal races. The player character has been sacrificed to Molag Bal, and Molag Bal has stolen their soul, the recovery of which is the primary game objective. [ 2 ] Many parts of the continent of Tamriel can be explored in the game, with all zones accessible regardless of faction or player level. Some zones become accessible only through DLCs, which can be either purchased from the Crown Store or are available as part of the ESO Plus subscription service. Players have the opportunity to join any of the three factions warring over the Ruby Throne of the Emperor of Tamriel: [ 2 ] the First Aldmeri Dominion (represented by an eagle) led by Queen Ayrenn and composed of the Altmer (High Elf), Bosmer (Wood Elf), and Khajiit races; the Daggerfall Covenant (represented by a lion) led by High King Emeric and composed of the Bretons, Redguards, and Orsimer (Orcs); and the Ebonheart Pact (represented by a dragon) led by Jorunn Skald-King and composed of the Nord, Dunmer (Dark Elf), and Argonian races. Players may also unlock the Imperial race by purchasing the Digital Imperial Edition Upgrade in the Crown Store, which may be a part of any of the three factions. The other major ruling faction of Tamriel is the Empire itself, led by Empress Regent Clivia Tharn, which has fallen into instability and disrepair and serves as a non-joinable faction. Pre-ordered copies of the game included the ""Explorers' Pack"" which allowed all races to be played in each of the factions, and this feature is also available in the Crown Store. [ 11 ] The game begins in the Wailing Prison in Coldharbour, where the player character's soulless husk (known as a soul shriven) has been enslaved. This opening continues another Elder Scrolls tradition of beginning the game with the player as a prisoner. [ 2 ] After escaping, the base of operations becomes the Harborage, a cave found at each of the starting cities where the Prophet opens portals to the locations of the main questline. Once the Amulet of Kings is retrieved, the headquarters shift to the Hollow City, a location in central Coldharbour blessed by Meridia. Civilians saved from Coldharbour's prisons arrive in the Hollow City, and it is from there that attacks are orchestrated on Molag Bal's controlled areas. [ 12 ] Development The Elder Scrolls Online had been in development for seven years before its release in 2014. [ 2 ] It was the first project from ZeniMax Online Studios , which was formed in 2007 as a subsidiary of ZeniMax Media . Matt Firor, studio lead at ZeniMax Online, served as director of The Elder Scrolls Online . [ 3 ] ZeniMax Online licensed the HeroEngine in November 2007, [ 13 ] which was used as a whiteboard for the game while the main production engine was in development. [ 14 ] The game's development was funded by Providence Equity Partners and reinvested profits from the success of The Elder Scrolls IV: Oblivion . [ 15 ] Rumors of a massively multiplayer Elder Scrolls game had been circulating for years, first prompted by a domain registration by ZeniMax Media in November 2007 for ElderScrollsOnline.com. [ 16 ] Information about the game and its imminent May 2012 announcement was leaked in March 2012 to online publication Tom's Guide by an anonymous industry source. [ 17 ] According to the leak, the game was scheduled to be shown at E3 2012 in June and QuakeCon 2012 in August. On November 8, 2012, Bethesda released a video on YouTube called ""An Introduction to The Elder Scrolls Online"", in which the game's developers talk about the game's content and development. [ 18 ] Several actors were announced to voice characters in the game, including John Cleese , Bill Nighy , Kate Beckinsale , Lynda Carter , Alfred Molina , Michael Gambon , Jennifer Hale , Malcolm McDowell , and Peter Stormare . [ 19 ] Beta sign-ups for The Elder Scrolls Online began on January 21, 2013, and continued for seven rounds until February 26. [ 20 ] [ 21 ] [ 22 ] In June 2013, Sony announced that The Elder Scrolls Online would be available on PlayStation 4 at its E3 press conference. Bethesda later clarified availability on Xbox One . [ 23 ] Cross-platform play was only supported on Windows and Mac, and not Xbox One or PlayStation 4. [ 24 ] In August 2013, at Gamescom , it was announced that The Elder Scrolls Online would have a monthly subscription fee upon release for all platforms. [ 25 ] [ 26 ] Subscriptions could be purchased in 30-, 90-, and 180-day increments. [ 27 ] It was announced in January 2014 that the game would not require a PlayStation Plus subscription to play online, [ 28 ] but that the Xbox One version would require an Xbox Live Gold subscription in addition to an Elder Scrolls Online monthly subscription. [ 29 ] On May 8, 2014, Bethesda spoke about development of the console editions, announcing that the release date for the PlayStation 4 and Xbox One versions of the game would be delayed until the end of 2014, though it was revealed in December 2014 that the game's console debut had once again been delayed into early 2015. ZeniMax Online Studios announced that players who purchased The Elder Scrolls Online before the end of June 2014 would have the opportunity to transfer their characters from Windows or Mac OS to either console platform and receive a free 30-day subscription. [ 30 ] Releases Original release The Elder Scrolls Online was announced on May 3, 2012, on the Game Informer website and in that same month's issue of the magazine. [ 2 ] It was released on April 4, 2014, for Windows and Mac. It was released for the PlayStation 4 and Xbox One consoles on June 9, 2015. The game was later ported over to Stadia on June 16, 2020. Shortly after launch, some players reportedly were unable to activate the 30-day complimentary game time without a subscription and—in ""a strange state of affairs"" and ""most likely a mistake""—after a full month had been paid for. [ 31 ] A serious item duplication exploit was discovered that allowed players to gain huge fortunes, which was patched shortly after release. [ 32 ] ZeniMax later announced that they had permanently banned thousands of accounts because of the exploit. [ 33 ] Tamriel Unlimited A subscription is no longer needed to play the game since March 17, 2015. [ 34 ] Aside from the initial game price, an optional subscription called ""ESO Plus"" grants access to all current and future downloadable content (DLC) and a monthly allotment of 1650 Crowns (1500 at the time), one of the in-game currencies, and also grants perks of 10% faster progress than a free player. [ 35 ] Gold Edition On July 6, 2016, ZeniMax announced Elder Scrolls Online: Gold Edition for September 9, 2016. It includes the base game, a certain vanity item, and the four major DLCs: Imperial City , Orsinium , Thieves Guild , and Dark Brotherhood . [ 36 ] ZeniMax released the ""Guilds and Glory"" DLC pack for users who already own the base game. [ 37 ] DLCs and updates Chapters The Elder Scrolls Online has received multiple major expansions in the form of downloadable ""chapters"" since the game was released in April 2014, with each new chapter releasing on a yearly basis. Eight total chapters have been released. The most recent, Gold Road , was released in June 2024. Morrowind On January 31, 2017, an expansion titled Morrowind was announced by ZeniMax. The expansion is set in Vvardenfell , the setting originally playable in the 2002 video game The Elder Scrolls III: Morrowind . [ 38 ] Unlike previous DLC, Morrowind was initially sold separately and was purchaseable with Crown points. It includes a new class, a new trial, and a new player vs. player mode called ""Battlegrounds"". [ 38 ] It was released on June 6, 2017. [ 39 ] Morrowind was subsequently introduced to the Crown Store by Bethesda during the June/July 2018 sale and is now included with the base game. Summerset On March 21, 2018, an expansion entitled Summerset was announced. The expansion is based around Summerset Isle, a setting that has not been playable since the 1994 game The Elder Scrolls: Arena . [ 40 ] Summerset introduces a new zone, a new story line, jewelry crafting, and a new skill line based on the Psijic Order. A new trial, Cloudrest, was also launched. [ 40 ] The expansion was released on May 21, 2018, for Windows and macOS, and on June 5, 2018, for PlayStation 4 and Xbox One. [ 40 ] Elsweyr On January 15, 2019, an expansion entitled Elsweyr was announced. The expansion takes place in Elsweyr, home of the Khajiit, a setting that has not been playable since The Elder Scrolls: Arena . It introduced a necromancer class and a new storyline involving dragons. A new trial, Sunspire, was launched. [ 41 ] The expansion pack was released on June 4, 2019, for all platforms. [ 42 ] Greymoor On January 16, 2020, an expansion entitled Greymoor was announced. The expansion takes place in Skyrim, which previously featured as the setting for the 2011 game The Elder Scrolls V: Skyrim . A new zone, Western Skyrim, was introduced along with a new system called Antiquities, a storyline involving vampires, and a new 12-player cooperative trial called Kyne's Aegis. The expansion was released on May 26, 2020, for Windows and macOS, and on June 10, 2020, for PlayStation 4 and Xbox One. Blackwood On January 26, 2021, an expansion entitled Blackwood was announced. The expansion is based in an area encompassing both Cyrodiil and Black Marsh. The story surrounds the Daedric Prince Mehrunes Dagon's nefarious plans for Tamriel. The expansion introduced a new zone to explore, Blackwood, along with a new Companions system and a trial called Rockgrove. The expansion was released on June 1, 2021, for PC and on June 8, 2021, for consoles. High Isle On January 27, 2022, an expansion entitled High Isle was announced. High Isle is based around the Systres archipelago, located in the seas to the west of Tamriel, and is an entirely new region that had not previously been explored in any Elder Scrolls media (though it was first identified on the in-game map in the 1998 game, Redguard ). The expansion's story centers around an attempt by the three warring alliances to negotiate an end to the conflict in secret while being plotted against by a group known as the Ascendant Order. The expansion introduced two new playable zones to explore, the eponymous High Isle and another island called Amenos, as well as a new card-based minigame called Tales of Tribute, a new trial called Dreadsail Reef, and two new companions. The expansion was released on June 6, 2022, for PC and Mac, and on June 21, 2022, for consoles. Necrom On January 25, 2023, an expansion entitled Necrom was announced. It was released on June 5, 2023, on Windows and macOS, and on June 20, 2023, for PlayStation 4, PlayStation 5, Xbox Series X/S, and Xbox One. [ 43 ] Gold Road On January 18, 2024, an expansion entitled Gold Road was announced. It is part of the Shadow Over Morrowind multi-year story arc, and was released on June 3, 2024, for PC and Mac, and June 18, 2024, for Consoles. [ 44 ] Other downloadable content The Imperial City On June 14, 2015, at the Bethesda showcase at E3 , downloadable content (DLC) was announced for the Imperial City, the capital of Cyrodiil. [ 45 ] It was released for Windows and OS X on August 31, 2015, for the Xbox One on September 15, and for the PlayStation 4 on September 16. It introduced a new currency known as Tel Var Stones, a vast sewer system running throughout the city that adds a unique close-quarter PvP experience, and added the game's largest dungeon at that time, The Imperial City Prison. The city itself is overrun by the forces of Daedric Prince Molag Bal, with every district and the central White-Gold Tower being merged into his realm. [ 46 ] Infinite Archive Infinite Archive is the fortieth major update patch and introduces a two-person PvE-arena. The update was released on the live server in the winter of 2023. [ 47 ] Zone Update Orsinium At the E3 showcase, the new zone of Wrothgar was announced in a DLC called Orsinium , the kingdom and capital of the Orsimer (Orcs). [ 45 ] The DLC was released in November 2015, and introduces a solo challenge known as the Maelstrom Arena. The questline involves assisting the Orcish King Kurog with rebuilding the city of Orsinium. [ 48 ] Thieves Guild The Thieves Guild DLC was revealed by ZeniMax in a livestream to be set in a new area, Hew's Bane in Hammerfell, featuring an all-new quest line and new game mechanics . [ 49 ] The DLC was released in March 2016. [ 50 ] Dark Brotherhood The 2015 E3 trailer ended with a note with a black hand on it that states, ""We Know"", a reference to the guild of assassins known as the Dark Brotherhood featured in previous Elder Scrolls games. [ 45 ] The Dark Brotherhood DLC takes place on the Gold Coast of Cyrodiil, and introduces new story content and gameplay mechanics. [ 49 ] It was released on May 31, 2016, for Windows, and on June 14, 2016, for PlayStation 4 and Xbox One. [ 51 ] It was made available on the Public Test Server on April 25, 2016. In addition to the Dark Brotherhood questline, the release of the expansion saw the removal of the Veteran Progression System, [ 52 ] a new system of poison crafting, and quality of life changes for The Elder Scrolls Online Plus subscribers, including ""craft bags"", which allow subscribers to store crafting materials without taking up space in their inventory. [ 53 ] Clockwork City Announced along with Horns of the Reach on June 12, 2017, Clockwork City was eventually released on October 23 for Windows and MacOS, and on November 11 for Xbox One and PlayStation 4. This DLC takes players to a new zone, a realm of brass and artificial life forms. The Clockwork City is the domain of Sotha Sil. [ 54 ] Murkmire Murkmire was released in late October 2018, and concerns a previously unexplored region of Black Marsh, where the story is about a dead clan of Argonians. [ 55 ] Dragonhold Dragonhold brings the year-long Season of the Dragon storyline to a conclusion with content including the Southern Elsweyr zone and new quests. It was released for Windows and MacOS on October 21, 2019. [ 56 ] Markarth Markarth was released on November 2, 2020, for Windows, MacOS, and Stadia, and on November 10, 2020, for Xbox One and PS4. It brings the year-long Dark Heart of Skyrim storyline to an end with the introduction of The Reach zone, has a new solo arena, and has a new item collection system. [ 57 ] The Deadlands The Deadlands , released on November 1, 2021, concluded the Gates of Oblivion storyline with the introduction of the Deadlands zone. [ 58 ] [ 59 ] Firesong Firesong was released on November 1, 2022. The setting of the game is in Galen and moves forward into new areas throughout the Systres archipelago. [ 60 ] Dungeon updates Shadows of the Hist Director Matt Firor said that the last DLC for 2016 would be Argonian-themed. [ 61 ] Further information was later released, including the title Shadows of the Hist . The DLC includes two new dungeons: the Cradle of Shadows and Ruins of Mazzatun, and was released in August 2016. [ 62 ] Horns of the Reach Horns of the Reach was announced on June 12, 2017. The DLC includes two new dungeons, Bloodroot Forge and Falkreath Hold, and was released on August 14, 2017, for Windows and MacOS, and on August 25 for consoles. [ 63 ] Dragon Bones Dragon Bones is a dungeon pack and includes two new dungeons, Fang Lair and Scalecaller Peak. Both include cabals of necromancers, an undead dragon raised by their leader, and an awakened Dragon Priest intending to release a deadly plague. [ 64 ] The pack was released for Windows on February 12, 2018, [ 65 ] and for consoles on February 27. [ 66 ] Wolfhunter Wolfhunter is a dungeon pack announced on June 10, 2018, [ 67 ] and released on August 13 for Windows and MacOS, and on August 28 for Xbox One and PlayStation 4. It includes two dungeons, ""Moon Hunter Keep"" and ""March of Sacrifices"", both centered around werewolves. [ 68 ] Wrathstone Wrathstone features a quest in which players must obtain two parts of a mysterious tablet. The DLC includes two new dungeons: Frostvault and Depths of Malatar.  It was announced on January 15, 2019, and was released for Windows and MacOS on February 25, 2019, and for PS4 and Xbox One on March 12, 2019. [ 41 ] Scalebreaker Scalebreaker is a dungeon pack and includes two new dungeons: Moongrave Fane and Lair of Maarselok. It was released for Windows on August 12, 2019. [ 69 ] Harrowstorm Harrowstorm was released on February 24, 2020, for Windows and MacOS, and March 10, 2020, for Xbox One and PS4. [ 70 ] It includes two dungeons, Icereach and Unhallowed Grave, which introduce the storyline of the Dark Heart of Skyrim . [ 71 ] Stonethorn Stonethorn was released on August 24, 2020, for Windows, MacOS, and Stadia, and on September 1, 2020, for Xbox One and PS4. It includes two dungeons, Castle Thorn and Stone Garden, which continue the Dark Heart of Skyrim storyline. [ 72 ] Flames of Ambition Flames of Ambition was released on March 8, 2021, for Windows, MacOS, and Stadia, and on March 16, 2021, for Xbox One and PS4. It includes two dungeons, Black Drake Villa and The Cauldron, and begins The Gates of Oblivion storyline, which is planned to continue in the Blackwood Chapter. [ 73 ] Waking Flame Waking Flame is a dungeon DLC released on August 23, 2021, which will continue the Gates of Oblivion storyline following the Blackwood Chapter.  The DLC includes two new dungeons: Red Petal Bastion and The Dread Cellar. [ 58 ] Ascending Tide Ascending Tide is a dungeon pack DLC containing two new group dungeons, Coral Aerie and Shipwright's Regret. It is the first part of the Legacy of the Bretons year-long adventure. It was released on March 14, 2022, for Windows and MacOS. [ 74 ] Lost Depths Lost Depths is a dungeon pack DLC containing two new group dungeons, Earthen Root Enclave and Graven Deep. It was released on August 22, 2022, for PC, and on September 6, 2022, for consoles. [ 75 ] Scribes of Fate Scribes of Fate is a dungeon-based DLC containing two new group dungeons, Scrivener's Hall and Bal Sunnar. It is the first part of the Shadow Over Morrowind story arc and was released on March 13, 2023. [ 76 ] Scions of Ithelia Scions of Ithelia is a dungeon pack DLC containing two new dungeons, Oathsworn Pit and Bedlam Veil. It was released on March 11, 2024, for PC and MacOS, and on March 26 for Xbox and PlayStation consoles. Fallen Banners Fallen Banners is a dungeon DLC with two 4-player PvE dungeons Exiled Redoubt and Lep Seclusa. The DLC has been made available through the Content Pass and Crowns that are available for purchase in the Crown Store. Feast of Shadows Feast of Shadows is a dungeon-based DLC featuring two new dungeons: Black Gem Foundry and Naj-Caldeesh. The DLC was released on August 18, 2025, for PC and Mac, and on September 3, 2025, for Xbox and PlayStation consoles. Content updates One Tamriel In June 2016, a new content update, titled One Tamriel , was announced. The update changed the core gameplay to allow players to play quests, explore areas, and group up with others without previously implemented restrictions. [ 77 ] The update was released in October 2016. [ 78 ] Homestead In October 2016, Firor announced that player housing would be coming to the game in 2017. [ 79 ] It was released on February 6, 2017, as part of update 13. There are over 40 different types of houses available; homes are styled after the game's ten playable races, and they come in furnished or unfurnished versions, which can be bought using in-game gold or with real money using crowns. Content Pass Seasons of the Worm Cult Champion system redesign In March 2021, a major change called Update 29 was released. It significantly altered the late game advancement system called Champion Points. It expanded the cap from 810 to 3,600 Champion Points. Numerous changes were made to equipment and skills. [ 80 ] Reception Original release The Elder Scrolls Online received ""mixed or average"" reviews from critics for the PC version, according to review aggregator website Metacritic . [ 81 ] PC Gamer gave it a score of 68/100, writing that it is ""an MMORPG of moderate scope with a few good ideas"" but cautioning that ""'okay' isn't good enough when you're facing down this much of a premium."" [ 88 ] ZeniMax addressed many of the game's early criticisms and released major updates. In January 2015, they announced that the game would no longer be using a subscription model, becoming effective March 17, 2015. ZeniMax also announced that it would be coming to PlayStation 4 and Xbox One on June 9, 2015, and that it would be rebranded as The Elder Scrolls Online: Tamriel Unlimited . [ 90 ] Summerset won the award for "" Outstanding Video Game "" at the 30th GLAAD Media Awards . [ 91 ] [ 92 ] The game was nominated for the ""Still Playing"" award at the 2019 Golden Joystick Awards , and Elsweyr was nominated for the ""Best Game Expansion"" award. [ 93 ] Tamriel Unlimited Tamriel Unlimited received ""generally favorable"" reviews from critics for the PC and Xbox One versions, while the PlayStation 4 version received ""mixed or average"" reviews according to Metacritic. [ 83 ] [ 82 ] [ 84 ] Eurogamer ' s Dan Whitehead reviewed the game, saying that ""For fans eager for a new fix all these years on from Skyrim , that may well be enough. The ability to share the adventure, somewhat clumsily, with friends is both a selling point and a pitfall, but those who concentrate their efforts on the Alliance War will find the experience worthwhile."" [ 94 ] Sales and user base The Elder Scrolls Online was the top-selling game in the United Kingdom for the week of April 5, 2014, for individual formats, and number two across all formats. [ 95 ] When the game was released on consoles, the game once again became the top-selling game in the United Kingdom for the week of June 15, 2015, across all formats, becoming the year's second best-selling game at retail. [ 96 ] The game was ranked the best-selling downloadable PlayStation 4 game of June 2015 in the United States and Europe. [ 97 ] [ 98 ] In the United States, it was the second and sixth best-selling game of June and July 2015, respectively. [ 99 ] [ 100 ] [ 101 ] In February 2017, it was announced that the game had sold over 8.5 million units and had around one million monthly active players. [ 102 ] [ 103 ] In June 2017, it was announced the game had over 10 million players since release, and around 2.5 million monthly active players. [ 104 ] In June 2019, it was announced that the game had reached 13.5 million players lifetime. [ 105 ] As of January 2020, over 15 million units had been sold. [ 106 ] [ 107 ] Pete Hines called The Elder Scrolls Online the most successful Bethesda game from 2017 to 2021. [ 108 ] By 2024, the game had generated $2 billion in revenue. [ 109 ] Accolades The Elder Scrolls Online was nominated for Evolving Game at the 19th British Academy Games Awards in 2023. [ 110 ] Notes ↑ Bethesda Game Studios consulted on development. [ 1 ] ↑ Additional and ambient music by Rik Schaffer & Inon Zur References ↑ QuakeCon Building Tamriel -- The Evolution of ESO . July 27, 2019.  Event occurs at 3:50. Archived from the original on December 23, 2020 . Retrieved December 19, 2020 – via YouTube . 1 2 3 4 5 6 Biessener, Adam (May 3, 2012). ""June Cover Revealed: The Elder Scrolls Online"" . Game Informer . Archived from the original on May 3, 2012 . Retrieved May 3, 2012 . 1 2 Caoili, Eric (May 3, 2012). ""Elder Scrolls Online makes MMO of series"" . Gamasutra. Archived from the original on June 20, 2012 . Retrieved May 3, 2012 . ↑ Dyer, Mitch (December 11, 2013). ""The Elder Scrolls Online PC, Xbox One, and PS4 Release Dates Announced - IGN"" . IGN . Archived from the original on December 12, 2013 . Retrieved December 11, 2013 . ↑ Stewart, Marcus. ""The Elder Scrolls Online Is Coming To PS5 And Xbox Series X With New-Gen Enhancements"" . Game Informer . Archived from the original on March 31, 2021 . Retrieved April 10, 2024 . ↑ ""ESO HEADS TO CONSOLES JUNE 9TH"" . The Elder Scrolls Online . Zenimax Online Studios. January 21, 2015. Archived from the original on November 11, 2019 . Retrieved January 21, 2015 . ↑ Nunneley, Stephany (January 21, 2015). ""The Elder Scrolls Online drops subs, console release date announced"" . VG247 . Archived from the original on January 21, 2015 . Retrieved March 6, 2020 . ↑ Royce, Bree (December 17, 2024). ""Elder Scrolls Online ends its chapter-based cadence in favor of a seasonal model in 2025 | Massively Overpowered"" . Retrieved December 18, 2024 . ↑ Evans-Thirlwell, Edwin (December 31, 2013). ""Elder Scrolls Online interview: Bethesda talks risks, rewards and compromises"" . Official Xbox Magazine . Archived from the original on January 2, 2014 . Retrieved December 31, 2013 . ↑ ""Will The Elder Scrolls Online Have A Single-Player, Offline Mode?"" . Bethesda Softworks. February 7, 2013. Archived from the original on April 14, 2016 . Retrieved January 8, 2014 . ↑ ""Crown Store - Upgrades"" . Zenimax. June 13, 2015 . Retrieved January 19, 2016 . ↑ ""Elder Scrolls Online Main Quest Walkthrough"" . IGN. July 24, 2014. Archived from the original on June 23, 2016 . Retrieved June 24, 2016 . ↑ Alexander, Leigh (November 26, 2007). ""ZeniMax Online Studios Licenses Simutronics HeroEngine For New MMO"" . Gamasutra . Archived from the original on June 27, 2019 . Retrieved March 6, 2020 . ↑ Biessener, Adam (May 25, 2012). ""Why The Elder Scrolls Online Isn't Using HeroEngine"" . Gameinformer . Archived from the original on May 27, 2012 . Retrieved March 6, 2020 . ↑ ""ZeniMax Online FAQ"" . Archived from the original on September 13, 2008 . Retrieved March 7, 2020 . ↑ Howarth, Robert ""Apache"" (November 1, 2007). ""Elder Scrolls Online?"" . ve3d.ign.com . Archived from the original on November 3, 2007 . Retrieved March 6, 2020 . ↑ Connors, Devin (March 16, 2012). ""Exclusive: Bethesda to Announce Elder Scrolls MMO in May"" . Tom's Guide . Archived from the original on June 27, 2020 . Retrieved May 3, 2012 . ↑ ""An Introduction to The Elder Scrolls Online"" . YouTube . Bethesda Softworks . November 8, 2012. Archived from the original on February 20, 2013 . Retrieved February 2, 2013 . ↑ Makuch, Eddie (January 23, 2014). ""Elder Scrolls Online voice cast is seriously impressive"" . GameSpot . Archived from the original on September 28, 2023 . Retrieved January 29, 2014 . ↑ ""The Elder Scrolls Online: Beta Sign-Up"" . Bethesda Softworks . Retrieved February 2, 2013 . ↑ ""The Elder Scrolls Online - First Wave of Beta Invitations"" . Bethesda Softworks. Archived from the original on May 12, 2013 . Retrieved March 26, 2013 . ↑ ""The Elder Scrolls Online - Second Wave of Beta Invitations"" . Bethesda Softworks. Archived from the original on September 6, 2024 . Retrieved April 8, 2013 . ↑ Sliva, Marty (June 10, 2013). ""E3 2013: Elder Scrolls Online Coming to PS4, Xbox One"" . IGN . Archived from the original on November 12, 2020 . Retrieved June 16, 2013 . ↑ Kain, Erik (July 8, 2013). ""Elder Scrolls Online: Bethesda Calls Next-Gen Cross-Platform Play 'Just A Nightmare' "" . Forbes . Archived from the original on August 13, 2013 . Retrieved August 13, 2013 . ↑ Mahardy, Mike (August 21, 2013). ""The Elder Scrolls Online Will Require a $15 Monthly Subscription Fee"" . IGN. Archived from the original on August 23, 2013 . Retrieved August 24, 2013 . ↑ ""Help: Elder Scrolls Online official site"" . Bethesda Softworks. Archived from the original on April 21, 2014 . Retrieved February 7, 2014 . ↑ ""Early Access and Launch FAQ"" . Bethesda . Retrieved May 20, 2014 . ↑ Firor, Matt (January 28, 2014). ""The Elder Scrolls Online on PS4: Your Questions Answered"" . PlayStation Blog . PlayStation US. Archived from the original on January 31, 2014 . Retrieved January 29, 2014 . ↑ Futter, Mike (January 28, 2014). ""PlayStation Plus Is Not Required For The Elder Scrolls Online, Xbox Live Gold Is"" . Game Informer. Archived from the original on January 31, 2014 . Retrieved February 24, 2014 . ↑ Smith, Blaine (May 8, 2014). ""The Elder Scrolls Online Console Release Delayed"" . MMO Attack . Archived from the original on May 11, 2014 . Retrieved May 20, 2014 . ↑ Lefebvre, Eliot (April 6, 2014). ""The Elder Scrolls Online runs into free sub time billing issues"" . Massively (blog) . AOL . Archived from the original on April 10, 2014 . Retrieved April 6, 2014 . ↑ ""The Elder Scrolls Online players discover serious item duping exploit"" . Archived from the original on October 18, 2014 . Retrieved April 22, 2014 . ↑ ""Taking Action Against Cheaters in ESO"" . April 10, 2014. Archived from the original on April 13, 2014 . Retrieved April 22, 2014 . ↑ Nunneley, Stephany (January 21, 2015). ""The Elder Scrolls Online drops subs, console release date announced"" . VG247 . Archived from the original on January 21, 2015 . Retrieved January 21, 2015 . ↑ ""The Elder Scrolls Online: Tamriel Unlimited FAQ"" . The Elder Scrolls Online . ZeniMax. January 21, 2015. Archived from the original on August 13, 2015 . Retrieved January 21, 2015 . ↑ ""Announcing The Elder Scrolls Online: Gold Edition"" . elderscrollsonline.com . ZeniMax Online Studios. July 6, 2016 . Retrieved September 18, 2016 . ↑ ""Available Now: ESO Gold Edition and Guilds & Glory DLC Mega-Pack"" . elderscrollsonline.com . ZeniMax Online Studios. September 9, 2016 . Retrieved September 18, 2016 . 1 2 Hall, Charlie (January 31, 2017). ""Morrowind expansion coming to The Elder Scrolls Online"" . Polygon . Archived from the original on February 3, 2017 . Retrieved February 3, 2017 . ↑ ""The Elder Scrolls Online: Morrowind is coming in June"" . PCGamer . January 31, 2017. Archived from the original on February 24, 2017 . Retrieved February 23, 2017 . 1 2 3 ""Announcing ESO: Summerset - The Elder Scrolls Online"" . The Elder Scrolls Online . Archived from the original on November 9, 2020 . Retrieved March 23, 2018 . 1 2 ""The Elder Scrolls Online: Elsweyr"" . The Elder Scrolls Online . Archived from the original on January 16, 2019 . Retrieved January 15, 2019 . ↑ ""Elsweyr Editions & Pre-Purchase Rewards"" . The Elder Scrolls Online . Archived from the original on January 17, 2019 . Retrieved January 16, 2019 . ↑ Romano, Sal (January 25, 2023). ""The Elder Scrolls Online: Necrom expansion launches June 5 for PC; June 20 for PS5, Xbox Series, PS4, and Xbox One"" . Gematsu . Archived from the original on June 14, 2023 . Retrieved June 13, 2023 . ↑ ""The Elder Scrolls Online"" . The Elder Scrolls Online (in Russian) . Retrieved January 18, 2024 . 1 2 3 ""Bethesda Showcase"" . Bethesda. June 14, 2015. Archived from the original on November 1, 2015 . Retrieved June 6, 2015 . ↑ ""Imperial City Launch Details"" . Zenimax. July 15, 2015 . Retrieved October 31, 2015 . ↑ ""The Elder Scrolls Online: Endless Archive"" . The Elder Scrolls Online (in Russian). Archived from the original on January 18, 2024 . Retrieved January 18, 2024 . ↑ ""Orsinium Launch Details"" . Zenimax. October 5, 2015. Archived from the original on September 6, 2024 . Retrieved October 31, 2015 . 1 2 ""The Year Ahead - 2016"" . Zenimax. January 12, 2016. Archived from the original on September 6, 2024 . Retrieved January 19, 2016 . ↑ Matulef, Jeffrey (January 28, 2016). ""The Elder Scrolls Online's Thieves Guild DLC dated for March"" . Eurogamer . Archived from the original on January 30, 2016 . Retrieved January 30, 2016 . ↑ Makuch, Eddie (April 25, 2016). ""Elder Scrolls Online's Next DLC Release Date Announced, PC Players Get It First"" . GameSpot . Archived from the original on September 4, 2018 . Retrieved April 26, 2016 . ↑ ""Elder Scrolls Online"" . www.elderscrollsonline.com . Archived from the original on September 6, 2024 . Retrieved April 26, 2016 . ↑ ""Elder Scrolls Online"" . www.elderscrollsonline.com . Archived from the original on September 6, 2024 . Retrieved June 5, 2016 . ↑ ""Clockwork City"" . The Elder Scrolls Online . Archived from the original on January 27, 2019 . Retrieved January 18, 2019 . ↑ ""Murkmire"" . The Elder Scrolls Online . Archived from the original on January 19, 2019 . Retrieved January 18, 2019 . ↑ ""Elder Scrolls Online News"" . MMoMonkey . Archived from the original on December 2, 2019 . Retrieved October 22, 2019 . ↑ ""Markarth & Update 28 Now Live on PC/Mac"" . The Elder Scrolls Online . Archived from the original on November 3, 2020 . Retrieved November 4, 2020 . 1 2 ""ESO: Console Enhanced, Deadlands Revealed at the Xbox & Bethesda Games Showcase"" . elderscrollsonline.com . June 13, 2021. Archived from the original on June 13, 2021 . Retrieved June 13, 2021 . ↑ "" 'Elder Scrolls Online' creative director says 'New World' popularity will 'shake things up' "" . The Washington Post . ISSN 0190-8286 . Retrieved October 20, 2021 . ↑ ""The Elder Scrolls Online: Firesong"" . The Elder Scrolls Online . Archived from the original on July 14, 2023 . Retrieved October 5, 2023 . ↑ ""E3 2016: The Elder Scrolls Online to receive new dungeons, Customisation, and Housing DLC ― IGN"" . www.ign.com . June 15, 2016. Archived from the original on September 6, 2024 . Retrieved June 23, 2016 . ↑ ""Update 11 Featuring Shadows of the Hist: First Look"" . www.elderscrollsonline.com . Archived from the original on September 6, 2024 . Retrieved June 23, 2016 . ↑ ""Announcing the Horns of the Reach and Clockwork City DLC game packs!"" . www.elderscrollsonline.com . Archived from the original on November 11, 2020 . Retrieved March 18, 2018 . ↑ ""ESO Live: January 4 @ 6pm EST - Dragon Bones Preview - The Elder Scrolls Online"" . www.elderscrollsonline.com . Archived from the original on November 9, 2020 . Retrieved March 18, 2018 . ↑ ""Dragon Bones DLC game pack & update 17 now live on PC/MAC"" . Archived from the original on September 6, 2024 . Retrieved January 18, 2019 . ↑ ""Age Verification - The Elder Scrolls Online"" . www.elderscrollsonline.com . Archived from the original on January 19, 2019 . Retrieved January 18, 2019 . ↑ ""Announcing Wolfhunter & Murkmire DLC game packs"" . www.elderscrollsonline.com . Archived from the original on September 6, 2024 . Retrieved August 26, 2018 . ↑ ""Wolfhunter DLC Game Pack"" . www.elderscrollsonline.com . Archived from the original on September 6, 2024 . Retrieved August 26, 2018 . ↑ ""The Elder Scrolls Online: Scalebreaker"" . The Elder Scrolls Online . Archived from the original on September 21, 2023 . Retrieved October 5, 2023 . ↑ ""ESO Harrowstorm Releasing February 24 for PC/Mac, March 10 for Xbox One/PS4"" . MMORPG.com . February 5, 2020 . Retrieved November 4, 2020 . ↑ ""The Elder Scrolls Online: Harrowstorm"" . The Elder Scrolls Online . Archived from the original on November 13, 2020 . Retrieved November 4, 2020 . ↑ Davies, Dominic. ""The Elder Scrolls Online: Stonethorn & Update 27 Now Live on All Platforms"" . bethesda.net . Archived from the original on September 21, 2020 . Retrieved November 4, 2020 . ↑ ""Prepare For a New Adventure with the Gates of Oblivion and Blackwood Chapter"" . elderscrollsonline.com . March 20, 2021. Archived from the original on April 3, 2021 . Retrieved March 20, 2021 . ↑ ""The Elder Scrolls Online: Ascending Tide"" . The Elder Scrolls Online . Archived from the original on September 21, 2023 . Retrieved October 5, 2023 . ↑ ""The Elder Scrolls Online: Lost Depths"" . The Elder Scrolls Online . Archived from the original on January 18, 2024 . Retrieved October 5, 2023 . ↑ ""The Elder Scrolls Online: Scribes of Fate"" . The Elder Scrolls Online . Archived from the original on September 27, 2023 . Retrieved October 5, 2023 . ↑ ""One Tamriel"" . The Elder Scrolls Online . Archived from the original on September 6, 2024 . Retrieved August 11, 2018 . ↑ ""Age Verification - The Elder Scrolls Online"" . www.elderscrollsonline.com . Retrieved August 11, 2018 . ↑ ""Housing Coming To The Elder Scrolls Online Next Year"" . Fextralife . October 6, 2016 . Retrieved October 6, 2016 . ↑ ""Flame Flames of Ambition DLC & Update 29 Now Live on All Platforms"" . elderscrollsonline.com . Retrieved March 20, 2021 . 1 2 ""The Elder Scrolls Online for PC Reviews"" . Metacritic . CBS Interactive . Archived from the original on February 8, 2015 . Retrieved April 29, 2014 . 1 2 ""The Elder Scrolls Online: Tamriel Unlimited for PC Reviews"" . Metacritic . CBS Interactive . Archived from the original on December 13, 2023 . Retrieved April 16, 2019 . 1 2 ""The Elder Scrolls Online: Tamriel Unlimited for PlayStation 4 Reviews"" . Metacritic . CBS Interactive . Archived from the original on December 13, 2023 . Retrieved April 16, 2019 . 1 2 ""The Elder Scrolls Online: Tamriel Unlimited for Xbox One Reviews"" . Metacritic . CBS Interactive . Archived from the original on December 13, 2023 . Retrieved April 16, 2019 . ↑ Tan, Nick (April 4, 2014). ""The Elder Scrolls Online Review"" . Archived from the original on April 7, 2014 . Retrieved April 22, 2014 . ↑ VanOrd, Kevin (April 24, 2014). ""The Elder Scrolls Online Review"" . GameSpot . Archived from the original on April 30, 2014 . Retrieved April 27, 2014 . ↑ Johnson, Leif (June 9, 2015). ""The Elder Scrolls Online: Tamriel Unlimited Review: In Its Right Place"" . Retrieved June 10, 2015 . 1 2 Thursten, Chris (April 14, 2014). ""The Elder Scrolls Online review"" . PC Gamer . Archived from the original on April 16, 2014 . Retrieved April 15, 2014 . ↑ McElroy, Justin (April 24, 2014). ""The Elder Scrolls Online Review: Other People"" . Polygon . Archived from the original on April 25, 2014 . Retrieved April 22, 2014 . ↑ ""Elder Scrolls Online"" . elderscrollsonline.com . Archived from the original on November 8, 2020 . Retrieved July 15, 2023 . ↑ Milligan, Mercedes (January 25, 2019). ""GLAAD Media Awards: 'Adventure Time,' 'She-Ra,' 'Steven Universe' Nominated"" . Animation Magazine . Archived from the original on January 26, 2019 . Retrieved February 13, 2019 . ↑ Nordyke, Kimberly (March 28, 2019). ""GLAAD Media Awards: 'Love, Simon,' 'Vida,' 'Queer Eye' Among Winners"" . The Hollywood Reporter . Retrieved March 29, 2019 . ↑ Tailby, Stephen (September 20, 2019). ""Days Gone Rides Off with Three Nominations in This Year's Golden Joystick Awards"" . Push Square . Archived from the original on September 20, 2019 . Retrieved September 21, 2019 . ↑ ""The Elder Scrolls Online: Tamriel Unlimited review"" . Eurogamer.net . June 22, 2015. ↑ ""Elder Scrolls Online takes UK number one, as FIFA 14 scores again"" . Metro . April 7, 2014. Archived from the original on April 8, 2014 . Retrieved April 7, 2014 . ↑ ""Elder Scrolls Online takes UK #1"" . GamesIndustry.biz . June 15, 2015. Archived from the original on June 30, 2015 . Retrieved June 28, 2015 . ↑ Dutton, Fred (July 8, 2015). ""PlayStation Store charts, June: Batman Arkham Knight and The Elder Scrolls Online debut"" . PlayStation.Blog.Europe . Archived from the original on July 10, 2015 . Retrieved July 8, 2015 . ↑ ""PlayStation Store: June's Top Sellers"" . PlayStation.Blog . July 8, 2015. Archived from the original on July 9, 2015 . Retrieved July 8, 2015 . ↑ ""PS4, Batman lead 18% jump in US retail game sales - NPD"" . GamesIndustry.biz . July 16, 2015. Archived from the original on August 5, 2015 . Retrieved August 10, 2015 . ↑ ""Lego Jurassic World tops the US retail charts for July"" . Eurogamer.net . August 13, 2015. ↑ Handrahan, Matthew (July 18, 2014). ""The Old Republic earned $165 million last year - report"" . GamesIndustry.biz . Gamer Network. Archived from the original on July 19, 2014 . Retrieved July 18, 2014 . ↑ Royce, Brianna (February 13, 2017). ""Elder Scrolls Online now boasts 8.5M players"" . Massively Overpowered. Archived from the original on November 12, 2020 . Retrieved June 25, 2017 . ↑ Leack, Jonathan (February 24, 2017). ""The Elder Scrolls Online Surpasses 8.5 Million Players, Becoming Most Popular MMORPG On Console - GameRevolution"" . GameRevolution . Archived from the original on July 5, 2017 . Retrieved June 25, 2017 . ↑ Dealessandri, Marie (December 19, 2017). ""Ten million in Tamriel: The slow-build success story of Elder Scrolls Online"" . GamesIndustry.biz . Gamer Network. Archived from the original on December 23, 2017 . Retrieved December 19, 2017 . ↑ Nunneley, Stephany (June 8, 2019). ""The Elder Scrolls Online has reached 13.5 million players lifetime"" . VG247 . Archived from the original on July 8, 2019 . Retrieved February 15, 2020 . ↑ Hines, Pete [@DCDeacon] (January 10, 2020). ""More than 15 million people have bought ESO. It's doing fine. 76 has had issues and that game needs to continue to improve, but that has nothing to do with what ZOS is doing on ESO, or id on DOOM Eternal, or whatever. Different studios, different games"" ( Tweet ) . Retrieved January 10, 2020 – via Twitter . ↑ Talbot, Carrie (January 17, 2020). ""Elder Scrolls Online is set to last until TES6 and beyond"" . PCGamesN . Retrieved January 17, 2020 . ↑ ESO 2021 Global Reveal Event - Gates of Oblivion . January 26, 2021.  Event occurs at 2:02:16 . Retrieved January 27, 2021 – via YouTube . ↑ Jones, Ali (April 6, 2024). ""After making $2 billion in 10 years, The Elder Scrolls Online's director wants you to know that the MMO is definitely ""one of the successful live service games"" . GamesRadar+ . Archived from the original on April 6, 2024 . Retrieved April 8, 2024 . ↑ ""2023 BAFTA Games Awards: The Nominations"" . BAFTA . March 2, 2023. Archived from the original on March 2, 2023 . Retrieved March 2, 2023 . External links Official website v t e Arena II: Daggerfall III: Morrowind Tribunal Bloodmoon Tribunal Bloodmoon IV: Oblivion Knights of the Nine Shivering Isles Remastered Knights of the Nine Shivering Isles Remastered V: Skyrim Dawnguard Hearthfire Dragonborn Creation Club Dawnguard Hearthfire Dragonborn Creation Club VI Battlespire Redguard Travels Stormhold Shadowkey Oblivion Stormhold Shadowkey Oblivion Online Legends Blades Castles The Infernal City Lord of Souls Tamriel Rebuilt Nehrim: At Fate's Edge Skyrim modding The Forgotten City Enderal Skyblivion Skywind The Forgotten City Enderal Skyblivion Skywind Todd Howard Julian LeFay Ted Peterson Jeremy Soule Bethesda Softworks Bethesda Game Studios Bethesda Game Studios ZeniMax Online Studios Development of Oblivion The Elder Scrolls V: Skyrim: Original Game Soundtrack "" Dragonborn "" "" Dragonborn "" Arrow in the knee OpenMW The Unofficial Elder Scrolls Pages Category v t e The Elder Scrolls Online: Summerset (2019) The Outer Worlds (2020) The Last of Us Part II / Tell Me Why (2021) Life Is Strange: True Colors (2022) Apex Legends (2023) Baldur's Gate 3 (2024) Dragon Age: The Veilguard (2025) VIAF 2014 video games Bethesda Softworks games Fantasy massively multiplayer online role-playing games GLAAD Media Award for Outstanding Video Game winners Lua (programming language)-scripted video games MacOS games Massively multiplayer online role-playing games Open-world video games PlayStation 4 games PlayStation 4 Pro enhanced games PlayStation 5 games Stadia games The Elder Scrolls Video games about dragons Video games developed in the United States Video games scored by Jeremy Soule Video games using Havok Windows games Xbox Cloud Gaming games Xbox One games Xbox Series X and Series S games Articles with short description Short description is different from Wikidata Use mdy dates from September 2018 Articles using Infobox video game using locally defined parameters Articles using Wikidata infoboxes with locally defined images Wikipedia articles in need of updating from June 2023 All Wikipedia articles in need of updating CS1 Russian-language sources (ru) Articles using Video game reviews template in single platform mode Commons category link from Wikidata"
Elderscrolls Online,https://www.elderscrollsonline.com/,"LATEST NEWS Uncover Tamriel’s Mysteries with the Rumors System Delve into the secrets of the past with the new Rumors system, coming soon as part of Season One. Prepare for the Perplexing Puzzles of the Nowhere Vault Share Your ESO Feedback, Suggestions, and Bugs with Feature Upvote Claim Crowns and a New Mount with the Ghostly Privateer Pack An Update on the Warden and Class Refresh Join Our Community Join our Community! Visit the ESO Community page to learn more about the #ESOFam, see the events calendar, and download player resources. Learn More... Join our Community! Visit the ESO Community page to learn more about the #ESOFam, see the events calendar, and download player resources. Learn More... ESO Plus MEMBERSHIP HAS ITS BENEFITS Become an ESO Plus™ member to unlock VIP perks, including access to DLC game packs, craft bag, free monthly crowns, and more! Learn more… MEMBERSHIP HAS ITS BENEFITS Become an ESO Plus™ member to unlock VIP perks, including access to DLC game packs, craft bag, free monthly crowns, and more! Learn more… Crown Store CROWN STORE Check out new items and collectibles every week in the in-game Crown Store! Learn more… CROWN STORE Check out new items and collectibles every week in the in-game Crown Store! Learn more… THIS IS ESO Go anywhere, do anything, and play your way in The Elder Scrolls Online, the award-winning online RPG set in the Elder Scrolls universe. Learn more… DISCOVER TAMRIEL Explore ESO’s huge selection of updates, DLCs, and Chapters and find your next great adventure. Learn more… JOIN OUR COMMUNITY mestrefrooke offline viewers denizforst offline viewers DansGaming offline viewers VectorRar offline viewers luisanc offline viewers denizforst offline viewers JustCallMeMichael offline viewers Eigh1_Puppies offline viewers NeliSerendipity offline viewers xbox offline viewers Alienware offline viewers Saenyra offline viewers ManBearNug offline viewers Nordenheim offline viewers MrsAgrougrou offline viewers Lyris offline viewers No_Lollygaggin offline viewers KingaKujawska offline viewers Vrah offline viewers WesensCostumes offline viewers Gamereactor offline viewers Nitek offline viewers TatankoX offline viewers Artesio offline viewers elesky25 offline viewers missmollymakes offline viewers michi offline viewers Reishi_Spores offline viewers IcyIC offline viewers lasuu offline viewers TC_Lee13 offline viewers AlexOs offline viewers towelliee offline viewers tamershadowofficial offline viewers r_can_a offline viewers queene offline viewers Backyardis offline viewers vikingtrash offline viewers Tianlein offline viewers kurolily offline viewers Raghor offline viewers abudahmyt offline viewers Yanekshow offline viewers Loonaromi offline viewers msradcore offline viewers skinnycheeks offline viewers desastre_show offline viewers aeyvi offline viewers ninjamonkey0169 offline viewers sileo94 offline viewers rustbeltmonk offline viewers tirinei offline viewers Kmiliz offline viewers iwhasabi offline viewers highstyled offline viewers kaypowxd offline viewers italianscrollsonline offline viewers PJ_Brini offline viewers jhartellis offline viewers tea_the_khajiit offline viewers glitteringgh0st offline viewers sir_hannah offline viewers DeimosThea offline viewers mrsetokami offline viewers whoozaa offline viewers PainInTheAxe offline viewers drakloringame offline viewers Roirek offline viewers Baniakbaniaka offline viewers trash_ashx offline viewers LoveThyMonster offline viewers Drewuout offline viewers SpiralusGTM offline viewers saint_crow offline viewers Steampunkwitch_Kalidra offline viewers itsnatashaffs offline viewers bisiobo offline viewers sypherpk offline viewers genplay offline viewers alsoatv offline viewers NinjaPullsGaming offline viewers emin_citak offline viewers vrayni offline viewers krofo offline viewers dworkop_elo offline viewers ninikulive offline viewers xAstro18x offline viewers dawnwhisper offline viewers kroulin offline viewers Kasskroot offline viewers SumiSahirat offline viewers Olibeau offline viewers mrelderscrolls offline viewers roirek offline viewers JimmyJJShabadu offline viewers LosiuGra offline viewers jotabm offline viewers grabagra offline viewers chiefouwedibbes offline viewers Krizos21 offline viewers lululuvely offline viewers allternator offline viewers helly_blue offline viewers jebrounity offline viewers SlashLurk offline viewers Valterskarsgard offline viewers rubensky offline viewers CuteNysNys offline viewers lovethymonster offline viewers multiplayerit offline viewers Medic1556 offline viewers Okuy offline viewers IrisLuna_Games offline viewers EureFloheit offline viewers Wuchtdrescher offline viewers TondeyBravo offline viewers bealien_queen offline viewers Nine_Tale_Fox offline viewers Yuuhi offline viewers DemonCatDaphne offline viewers inwils offline viewers Yicky offline viewers AvronDoodles offline viewers spantifical offline viewers xynode offline viewers miezemelli offline viewers mansadum offline viewers Kattatonia offline viewers Un_DeaD_tv offline viewers Gambolic offline viewers Matygon offline viewers RollemTV offline viewers Lara6683 offline viewers the_gameroom offline viewers arvendirgaming offline viewers 0periodproductions offline viewers"
Elderscrolls Online,https://www.elderscrollsonline.com/en-us/discover,"This is The Elder Scrolls Online You Belong Here Join millions of players and begin your saga in The Elder Scrolls Online , the award-winning online RPG set in the legendary Elder Scrolls universe. A Living World Discover an ever-growing world of adventure. Walk in the shade of Morrowind's mushroom forests, explore the myriad realms of Oblivion, or brave Tamriel's war-ravaged heartland to fight for the Ruby Throne. Shared Stories Immerse yourself in classic Elder Scrolls storytelling. Forge your own saga as you play with friends, join a community , or go it solo as you experience a world brimming with unique tales and characters. Purpose and Paths Create an adventurer uniquely you and make this world your own. Enjoy many ways to play as you customize your abilities, gear, and style in addition to choosing from 10 varied races and seven classes . Thrilling Battles Master powerful abilities as you cast, strike, block, and dodge to best your foes in dynamic, fast-paced combat . Stand fast against Daedric monsters, fearsome bosses, and even your fellow players. An Elder Scrolls Game Write your own story into a chapter of Tamriel’s distant past nearly 1,000 years before the iconic TES V: Skyrim , and discover an era steeped in legend and mystery in true Elder Scrolls fashion. Choose Your ESO Base Game Includes the ESO base game, the Sorcerer, Nightblade, Templar, Dragonknight and Warden classes, 24 unique story zones, both the Alliance War and Battlegrounds PvP modes, the Morrowind Chapter story zone, and more. Additional Adventures Includes the Imperial City, Orsinium, Thieves Guild , and Dark Brotherhood story zones and features. Additional Chapters Includes the Summerset, Elsweyr, Greymoor, Blackwood, High Isle, Necrom , and Gold Road story zones and features as well as Seasons of the Worm Cult Part 1 and 2 plus the Fallen Banners and Feast of Shadows dungeon packs. Additional Classes Includes the Necromancer and Arcanist classes. Additional Gameplay Systems Includes Jewelry Crafting, Antiquities, Companions, Tales of Tribute, and Scribing systems. Unique Mount, Pet, and Memento Includes the Skulltooth Coastal Durzog mount, Golden Eagle pet, and Remnant of Meridia's Light memento."
Elderscrolls Online,https://store.steampowered.com/app/306130/The_Elder_Scrolls_Online/,"This game may contain content not appropriate for all ages, or may not be appropriate for viewing at work. “Blood and gore
Sexual themes
Use of alcohol
Violence”"
Elderscrolls Online,https://account.elderscrollsonline.com/en-us/store/,"Game Info English French (Text Only) German Russian (Text Only) Spanish Simplified Chinese Japanese System Requirements PC Recommended System Requirements PC Minimum System Requirements MAC Minimum System Requirements System requirements are subject to change Additional Requirements PERSISTENT INTERNET CONNECTION REQUIRED TO PLAY. For additional information on The Elder Scrolls ® Online please see FAQ . Acceptance of End User License Agreement, Terms of Service, and Privacy Policy, and account registration using enclosed one-time use activation code, required to play. Must be 13+ to register. Optional ESO Plus™ membership begins when you select your preferred membership plan on account.elderscrollsonline.com/en-us/store , at which time you will be charged. Paid membership, valid and accepted payment method or paid game time card (if available) required to access membership gameplay. Memberships are subject to cancellation by you at any time. No refunds or credits for partial months are granted, unless required by your local law (contact customer service at https://help.elderscrollsonline.com ). ZeniMax® reserves the right to change the fees or billing methods at any time upon notice to you through your Account. If you pay a periodic (e.g., monthly) subscription or membership fee for a Service, ZeniMax® will provide you with at least thirty five (35) days advance notice of any such changes. You can view the remaining time left on your current membership term by going to the account summary page on your Elder Scrolls Online account. By purchasing Crowns, you are receiving a license to use or obtain certain features of The Elder Scrolls ® Online under the terms and conditions of the game and service. Crowns have no value outside of The Elder Scrolls ® Online, are non-transferrable, cannot be redeemed for cash, and are subject to revocation, termination or cancellation without refund. See account.elderscrollsonline.com/en-us/store for details. Product requires installation of application software. The Elder Scrolls ® Online service may be discontinued, and content modified, disabled, suspended or removed, at any time. See Terms of Service and Privacy Policy and EULA ."
Elderscrolls RPG,https://en.wikipedia.org/wiki/The_Elder_Scrolls_II:_Daggerfall,"NA : September 20, 1996 UK : November 1, 1996 The Elder Scrolls II: Daggerfall is a 1996 action role-playing game published by Bethesda Softworks . The second installment in the Elder Scrolls series, it was released on September 20, 1996 for MS-DOS , following the success of 1994's The Elder Scrolls: Arena . The story follows the player, sent by the Emperor, to free the ghost of King Lysandus from his earthly shackles and discover what happened to a letter sent from the Emperor to the former queen of Daggerfall. Compared to its predecessor, Arena , the player can now only travel within two provinces in Tamriel, those being High Rock and Hammerfell. Daggerfall consists of 15,000 cities, towns, villages, and dungeons for the character to explore. Arena ' s experience-point-based system was replaced with a system that rewards the player for utilizing role-playing elements within the game. [ 2 ] Daggerfall includes more customization options, featuring an improved character generation engine as well as a GURPS -influenced class creation system, offering players the chance to create their classes and assign their skills. [ 3 ] [ 4 ] The game was a critical and commercial success, with sales of around 700,000 copies by 2000. The game was followed by The Elder Scrolls III: Morrowind in 2002. In 2009, to commemorate the 15th anniversary of the Elder Scrolls franchise, Daggerfall was made free to download from the Bethesda website. [ 5 ] Gameplay Daggerfall , like the other games in The Elder Scrolls series, takes place on the fictional continent of Tamriel, in which the player can travel between the provinces of High Rock and Hammerfell. Like all The Elder Scrolls games, the player does not have to follow questlines or fill specific character roles, allowing the player to play the game how they see fit. The game features over 15,000 cities, towns, villages, and dungeons for the character to explore, which gives the player many options when buying a house. In addition to exploring the world the player can join a number of guilds, orders, and religions; all with unique quests and tasks for the player to do. Joining and contributing to these organizations will allow the player to gain ranks and gain a reputation in the game world, which affects how non-playable characters (NPCs) and other factions view the player. One special feature in Daggerfall is the ability for the player to create their own spells using the game's spell-creation system, which is unlocked by joining the Mages Guild; allowing the player to create custom spells with varying effects, the game will automatically generate the magicka cost of the spell based on the power of effects chosen. Similar to the spell-creation is the ability to enchant equipment. The player can craft or find a variety of equipment. Players also have the ability to become a vampire , werewolf , or wereboar. The combat system uses mouse movement to determine the direction and effect of the weapon swing in melee combat. Daggerfall features a wide range of enemies; the strongest being the Daedra, which can make the journey through these realms difficult. In order to finish the game the player must visit at least 6–8 of the 47 explorable areas present in the game. Plot Daggerfall is set in the Iliac Bay, between the provinces of High Rock and Hammerfell. The player is sent here at the Emperor's request. He wants the player to do two things: First, the player must free the ghost of King Lysandus from his earthly shackles; Second, the player must discover what happened to a letter from the Emperor to the former queen of Daggerfall. The letter reveals that Lysandus's mother, Nulfaga, knows the location of the Mantella, the key to resurrecting the first Numidium, a powerful brass golem created by the long-lost dwarves. Tiber Septim, the founder of the Empire, previously acquired the Numidium from the dark elves of Morrowind and used it to halt the aggressive expansion of a fascist elvish faction in the distant past. Seeking to return the Numidium to the Empire's control, the emperor wants his spy to force Nulfaga into revealing the location of the Mantella so that the Blades can finish the reconstruction of the machine. Through a series of mishaps and confusions, the letter fell into the hands of an orc named Gortworg. Not knowing what the Mantella is, Gortworg consults Mannimarco, the King of Worms (the leader of the Necromancers ). During this time, the Underking, who originally destroyed the first Numidium because of its misuse by Tiber Septim, is recuperating deep within a tomb of High Rock after expending so much energy destroying it the first time. For the player to give the Mantella to anyone, the player must kill King Lysandus's murderer and put his ghost to rest. After accomplishing this, the player must steal the totem of Tiber Septim from King Gothryd of Daggerfall and free the Mantella from its prison in Aetherius. Following this, the player has six choices regarding how to deal with the Mantella. Daggerfall has several endings: If the player gives the Mantella to the Underking, he absorbs its power, passes into eternal rest, and creates a large ""magicka-free"" area around himself. If Gortworg is victorious, he uses the Numidium to destroy the Imperial forces and the ""Bay Kings,"" the rulers of the several provinces of the Iliac Bay. The Underking arrives shortly thereafter to destroy the first Numidium, losing his life. Gortworg then succeeds in creating Orsinium, a kingdom of Orcs. If the Blades are victorious, they succeed in recreating the first Numidium and use it to defeat the Bay Kings and the Orcs, as well as unite all the provinces of Tamriel under the empire once again. If any of the Bay Kings win, that king will use the first Numidium to defeat all the other kings just before the Underking destroys him and itself. If Mannimarco receives the Mantella, he uses it to make himself a god. One more ending, as described in the strategy guide The Daggerfall Chronicles and elsewhere, was planned by Bethesda, but is not achievable in-game: if the player activates the Mantella while in possession of the totem (the controlling device of the Numidium), the Numidium will slay the player, go out of control, and be destroyed by Imperial forces. [ 2 ] Development Work on The Elder Scrolls II: Daggerfall began immediately after The Elder Scrolls: Arena ' s release in March 1994. [ 2 ] The project saw Ted Peterson assigned the role of lead game designer. [ 4 ] Originally titled Mournhold [ 6 ] and set in the province of Morrowind , the game was eventually relocated to the provinces of High Rock and Hammerfell, in Tamriel's northwest. By mid-1994 Daggerfall was the new name. [ 7 ] Developers at first planned to connect it with Arena and one or two more games as done with Might and Magic: World of Xeen , [ 6 ] but Arena ' s experience-point based system was replaced with one that rewards the player for actually role-playing their character. [ 2 ] Daggerfall features an improved character generation engine, one that includes not only Arena ' s basic class choices, but also a system that could allow players to create their own classes and assign their own skills, with an option to pick GURPS -inspired bonuses, disadvantages, or disabilities. [ 4 ] [ 3 ] Daggerfall was initially developed with an updated 2.5D raycast engine, but it was eventually dropped in favor of XnGine , one of the first truly 3D engines. Daggerfall realized a gameworld ""the size of Great Britain,"" or approximately 209,331 square kilometers [ 2 ] filled with 15,000 towns and a population of 750,000. [ 8 ] [ 9 ] According to Julian LeFay , ""The whole idea with Daggerfall was that, like a pen-and-paper role-playing game , you could play for years. You know, keep the same characters, keep on doing stuff."" [ 10 ] A YouTube channel called ""How Big is the Map?"" walked across the entire map, a feat that took a total of 69 hours. [ 11 ] Daggerfall , in Peterson's opinion, was only lightly influenced by contemporary video games, as they simply ""weren't very interesting."" ""I can remember playing the latest King's Quest , Doom , and Sam & Max Hit the Road while working on it, but I can't say they had any profound impact on the story or design."" Daggerfall ' s most profound influences came from whatever analog games and literature Julian LeFay or Ted Peterson happened to be playing or reading at the time, such as Dumas 's The Man in the Iron Mask , which influenced ""the quest where the player had to find the missing Prince of Sentinel,"" and Vampire: The Masquerade , which influenced ""the idea of vampire tribes throughout the region."" [ 4 ] Olympia, Washington based MediaTech West , which was acquired by Bethesda in 1995, helped develop the game. [ 1 ] [ 12 ] Daggerfall was completed on August 31, 1996, almost three years after production began. [ 13 ] It was released in North America on September 20, [ 14 ] within the game's intended release window, [ 15 ] and in the United Kingdom on November 1. [ 16 ] [ 17 ] Like that of Arena , Daggerfall ' s release suffered from buggy code; while the game was patched multiple times, users were still upset about its stability. [ 18 ] The yearning to avoid what were, in LeFay's words, ""all the stupid patches we had for Daggerfall "" led to a more cautious release schedule in the future. [ 10 ] Ted Peterson left Bethesda following Daggerfall ' s release and went to work for a series of companies in Los Angeles and San Francisco : Film Roman , AnyRiver Entertainment, Activision , and Savage Entertainment. [ 4 ] Community support Although Daggerfall did not come with official modding tools like later The Elder Scrolls releases, enthusiasts for the game developed tools on their own to access the game's content soon after its release; as a result, a number of additional quests, graphical enhancements, and gameplay features were developed by third parties. Notable works include AndyFall [ 19 ] and DaedraFall . [ 20 ] [ 21 ] After the end of official support by Bethesda, some mod makers have repaired bugs in the latest official release of Daggerfall with community patches or engine remakes . [ 22 ] [ 23 ] The DFQFIX quest-fix pack and HackFall were the most recent attempts at this. [ 24 ] [ 25 ] DaggerfallSetup is a community-made Daggerfall installer for modern Windows versions. [ 26 ] [ 27 ] The aim of this project is to install and easily run a fully patched Daggerfall on a modern Windows operating system under usage of the DOSBox emulator . This game installer setup contains many official and unofficial patches and also fan translations for several languages, including French, Russian, Spanish, and German. There are also fan-made game engine rewrite projects for Daggerfall , which aim for native compatibility with modern operating systems and hardware, as opposed to being run in DOS, or through DOSBox. [ 28 ] The XL Engine [ 21 ] [ 29 ] was one of the first attempts, and started in June 2009 as DaggerXL before being merged in 2011 with another engine rewrite project called DarkXL to become The XL Engine. The eventual goal of the project was to create an updated playing environment for Daggerfall, Dark Forces, Outlaws, Blood and other classic games. [ 30 ] As a result of the merger, a significant amount of the project's development focused on the refactoring of the XL Engine itself. Additional goals – for Daggerfall specifically – included the implementation of features that were initially promised for the game, but were not included (or only partially coded in) at the time of its release in 1996. By August 2012, DaggerXL supported character creation, the rendering of all provinces and dungeons, user-definable display resolution (including smoothed terrain and Bloom ), and basic gameplay. In April 2018 the XL Engine's source code was released under MIT license on GitHub . [ 31 ] On April 23, 2020, the author – luciusDXL – took down the XL Engine website and announced via a post on the project's GitHub that the project was officially dead, and would not resume development in the future, with their involvement ceasing back in 2016. They cited ""other 'real life' commitments and a lack of time (and sometimes ability) to continue"" as the motivating factors. They also commented that, in the years since, there had been other projects that had achieved everything they wanted to do with XL Engine, and that people should look to those projects instead. [ 32 ] Daggerfall Unity is another open-source recreation of Daggerfall . Beginning development in August 2014, it is the most mature Daggerfall project released, and uses the Unity game engine to rewrite the game with updated graphics and mechanics, as well as full mod support through Nexus Mods . [ 33 ] [ 34 ] [ 35 ] With the release of the first Alpha in July 2019, it was made available for download on the project's official website. Unlike DaggerXL , Daggerfall Unity is playable from start to finish with all the core features of the original Daggerfall. [ 36 ] Daggerfall Unity was published to GOG.com with a selection of mods pre-installed on June 15, 2022, [ 37 ] and on December 31, 2023, the project was officially declared complete. [ 38 ] It was delisted from GOG in February 2025, [ 39 ] although it is still available elsewhere. [ 40 ] Reception Sales For Daggerfall ' s launch on September 20, [ 14 ] shipments of around 120,000 copies were delivered to stores. The game surpassed Bethesda's internal estimates and became an immediate hit: more than 100,000 copies were sold within two days of release. As a result, supplies were depleted at many retailers. While a second printing of Daggerfall was shipped on September 24, Next Generation reported at the time that ""this shipment is expected to be considerably smaller than the first due to production limitations"". [ 41 ] In the United States, the game debuted in fourth place on PC Data 's monthly computer game sales chart for September 1996. [ 42 ] It secured sixth place the following month, [ 43 ] before dropping to position 16 in November. [ 44 ] According to Bethesda marketing director Pete Hines, Daggerfall sold roughly 700,000 copies by mid-2000 and was ""still selling four years after release"". He called it likely the company's biggest success by that time. [ 45 ] Critical reviews Daggerfall was met with critical acclaim, surpassing its predecessor in Game of the Year Awards. [ 59 ] It was named the best computer role-playing game (CRPG) of 1996 by Computer Gaming World and PC Gamer US , [ 56 ] [ 55 ] and won the Spotlight Award for ""Adventure/RPG Game of the Year"" from the Game Developers Conference . [ 60 ] It was also nominated as the year's best CRPG by GameSpot and Computer Games Strategy Plus , but lost both awards to Diablo . [ 61 ] [ 62 ] The editors of Computer Gaming World summarized that the game ""is not perfect, but it is revolutionary"". [ 56 ] Reviewing the game in PC Gamer US , Michael Wolf hailed it as ""about as close to reality (or is that fantasy?) as you can get in a computer game"". Although he criticized its bugs and writing mistakes, he summarized Daggerfall as ""one of the most realistic, involved, and impressive RPGs on the market"". [ 50 ] Prior to the game's release, Computer Gaming World ranked it as the eighth top vaporware title in computer game history. The editors wrote: "" Featuritis and creeping technology held up this potential jewel for far too long."" [ 63 ] Despite their frustration with the delay, the publication later awarded the game 4.5/5. [ 47 ] In PC Magazine , Michael E. Ryan called it ""revolutionary"" and wrote that it ""may be the best RPG since Origin's Ultima IV "". Like Wolf, he found fault with the game's bugs, the number of which he said ""shocked"" the magazine's staff. Despite these issues, Ryan remarked that the staff became ""hopelessly addicted to Daggerfall ' s endless possibilities and game play"". [ 52 ] A reviewer for Next Generation wrote that Daggerfall ""comes as close as anything ever has"" to simulating real life, and that the long wait for the game was ""hands down, worth it"". [ 48 ] James Flynn of PC Gamer UK praised the game's size, depth and role-playing mechanics, but qualified that it is ""very, very slow"" and ""as large and detailed as a game could ever become without collapsing under its own weight"". He argued that the game's biggest flaw is its visuals and wrote: ""With all the kit available to programmers and artists today, quite how they've managed to produce such an ugly grey look with Spectrum fonts is a mystery."" [ 49 ] Andy Backer of Computer Games Strategy Plus called Daggerfall ""a flawed masterpiece"", noting that bugs held it back from perfection. However, he wrote that it ""may be the best CRPG of all time"", as well as ""the best CRPG of the year, period"". [ 53 ] In PC Zone , Charlie Brooker called the game's core concept of simulating a virtual world ""a sound one"" and suggested that Daggerfall could have succeeded as a MUD . However, he believed that the game was a failed experiment, as contemporary technology could not generate a sufficiently interesting single-player world. Brooker argued: ""What's the point in being able to go where you like and do what you want if none of it's as interesting as real life?"" [ 51 ] Andy Butcher reviewed The Elder Scrolls: Daggerfall for Arcane magazine, rating it a 7 out of 10 overall, and stated that ""If you're prepared to spend the time playing Daggerfall , its size and scope can be rewarding, and in many ways it's the nearest computer equivalent to the freedom of a real roleplaying game. However, in a tabletop RPG there's a ref to make judgements about what's interesting and what should be skipped over, and this is what Daggerfall lacks."" [ 64 ] Game Revolution ' s review of the game described it as ""easily the RPG of the year"" and ""one of the BEST roleplaying games in history (so far)"". [ 65 ] Writing for GameSpot in 1996, Trent Ward opined that Bethesda ""has finally returned to the RPGs of the old school and created an adventure that will take even the most experienced gamer months to unravel"". [ 66 ] PC Gamer Magazine ranked Daggerfall among their list of 'The Most Ambitious PC Games'. [ 67 ] In 1997, the editors of PC Gamer US named Daggerfall the 50th best game of all time, while those of PC Gamer UK placed it a No. 33 on their list. The former publication hailed it as ""a superlative RPG"", but again criticized its numerous bugs; the latter called it ""so vastly massive that it threatens to collapse under its own gargantuan weight"". [ 68 ] [ 69 ] Lawsuit Media Technology Limited, Bethesda Softworks' parent company, brought a libel suit against U.S. senators Joe Lieberman and Herb Kohl for comments they made about Daggerfall ' s appropriateness for children. [ 70 ] Lieberman and Kohl characterized the suit as a publicity stunt intended to boost holiday sales of Daggerfall . [ 71 ] References 1 2 Andriesen, David (March 15, 1998). ""Gaming guru finds home for company in Olympia"" . The Olympian . p. 68. Archived from the original on July 31, 2022 . Retrieved August 2, 2022 – via Newspapers.com . 1 2 3 4 5 ""Daggerfall – Behind the Scenes"" . The Elder Scrolls 10th Anniversary . Bethesda Softworks . 2004. Archived from the original on April 7, 2004 . Retrieved June 9, 2007 . 1 2 ""Daggerfall"". Next Generation Magazine . No. 11. November 1995. pp. 82– 85. 1 2 3 4 5 ""Ted Peterson Interview I"" . Morrowind Italia. April 9, 2001. Archived from the original on July 21, 2013 . Retrieved June 8, 2007 . ↑ Thompson, Michael (July 10, 2009). ""Bethesda releasing Daggerfall for free"" . Arstechnica.com . Archived from the original on December 5, 2011 . Retrieved December 2, 2011 . 1 2 Puck, Justin Graham (May 1994). ""Journalist Flambé"" . The Rumor Bag. Computer Gaming World . p. 186. Archived from the original on July 3, 2014 . Retrieved November 11, 2017 . ↑ ""The Designer's Dilemma: The Eighth Computer Game Developers Conference"" . Computer Gaming World . July 1994. pp. 26– 31. Archived from the original on November 16, 2017 . Retrieved November 16, 2017 . ↑ Blancato, Joe (February 6, 2007). ""Bethesda: The Right Direction"" . The Escapist . Archived from the original on April 3, 2007 . Retrieved June 1, 2007 . ↑ ""First true 3-D computer game environment in two new products"" . Standard-Speaker . November 22, 1996. p. 101. Archived from the original on July 16, 2023 . Retrieved July 16, 2023 – via Newspapers.com . 1 2 ""Battlespire"". Next Generation Magazine . No. 34. October 1997. pp. 124– 125. ↑ ""Old Elder Scrolls Game Takes over 60 Hours to Walk Across"" . November 14, 2016. ↑ ""Games"" . The Olympian . May 19, 1997. p. 34. Archived from the original on August 3, 2022 . Retrieved July 16, 2023 – via Newspapers.com . ↑ Staff (August 31, 1996). "" Daggerfall Hits Code Lock"" . Next Generation . Archived from the original on June 6, 1997. 1 2 Dunkin, Alan (September 20, 1996). ""News for September 20, 1996"" . Online Gaming Review . Archived from the original on February 7, 1998. ↑ ""Daggerfall Preview"" . GameSpot . Archived from the original on July 16, 2009 . Retrieved December 8, 2023 . ↑ ""DF .. Daggerfall in UK"" . groups.google.com . Archived from the original on December 8, 2023 . Retrieved December 8, 2023 . ↑ ""New In Stock"" . Staffordshire Newsletter . November 1, 1996. p. 54. Archived from the original on January 15, 2024 . Retrieved January 15, 2024 – via Newspapers.com . ↑ Barton, Matt (April 11, 2007). ""The History of Computer Role-Playing Games Part III: The Platinum and Modern Ages (1994–2004)"" . Gamasutra . Archived from the original on June 11, 2007 . Retrieved June 8, 2007 . ↑ ""AndyFall"" . UESPWiki . Archived from the original on February 1, 2017 . Retrieved February 28, 2010 . ↑ ""DeadraFall"" . UESPWiki . Archived from the original on February 1, 2017 . Retrieved February 28, 2010 . 1 2 Smith, Adam (November 18, 2011). ""Mods And Ends: Daggerfall & The XL Engine"" . Rock, Paper, Shotgun . Archived from the original on October 6, 2013 . Retrieved October 4, 2013 . [XL Engine] ... it's a custom-built framework to run old games. Essentially, it totally overhauls them, with all sorts of visual enhancements and improved modding support, so it's almost as if they are being ported onto modern systems. ↑ Humpries, Matthew (August 31, 2011). ""Celebrate the 15th anniversary of The Elder Scrolls II: Daggerfall by playing it for free"" . Geek.com . Archived from the original on September 5, 2016. ... although no modding tools were shipped, such was the enthusiasm for the title that players produced their own. Subsequent new content eventually appeared as well as bug fixes released for the original game. ↑ la-serie-the-elder-scrolls-l-aspect-communautaire on jeuxvideo.com (April 30, 2010) ↑ ""DFQFIX"" . UESPWiki . Archived from the original on February 1, 2017 . Retrieved February 28, 2010 . ↑ ""HackFall"" . Daggerfall Tool Repository . slushpool.dfworkshop.net . Retrieved August 5, 2012 . ↑ The Elder Scrolls & Skyrim • Seite 2 Archived April 29, 2016, at the Wayback Machine von Martin Woger on Eurogamer (2011-06-16, in German) ↑ ""DaggerfallSetup"" . Homepage . Archived from the original on October 14, 2013 . Retrieved October 4, 2013 . ↑ How to Play Daggerfall on Your Windows 7 PC Archived September 27, 2013, at the Wayback Machine on PCWorld (2011) ↑ XL Engine For Games Is Being Brought To Linux Archived July 8, 2017, at the Wayback Machine by Michael Larabel on phoronix.com (July 22, 2011) ↑ ""DaggerXL"" . Homepage . Archived from the original on October 18, 2013 . Retrieved May 6, 2011 . ↑ XLEngine Archived April 21, 2018, at the Wayback Machine on github.com ↑ ""Depracation & Replacement"" . GitHub . July 5, 2021. Archived from the original on August 12, 2020 . Retrieved April 30, 2020 . ↑ ""DaggerFallUnity"" . Homepage . Archived from the original on October 22, 2017 . Retrieved June 1, 2020 . ↑ Booker, Logan (January 24, 2015). ""Aussie-Made Tools Let You Play Daggerfall In Your Browser (Or Modify It With A Modern Engine)"" . kotaku.com . Archived from the original on October 22, 2017. ↑ Green, Shaun (January 25, 2015). ""One For The Weekend: Daggerfall Tools For Unity"" . Rock, Paper, Shotgun . Retrieved May 26, 2026 . ↑ ""Daggerfall Unity Alpha Release"" . Homepage . July 30, 2019. ↑ ""Daggerfall Unity - GOG Cut"" . GOG . Archived from the original on June 15, 2022. ↑ Stella, Marloes Valentina (February 26, 2024). ""Did Daggerfall Unity just give us the open-world RPG of our dreams?"" . gamesradar . Retrieved February 27, 2024 . ↑ Lewis, Catherine (February 12, 2025). ""Controversial version of Elder Scrolls 2: Daggerfall's fan remaster delisted from GOG, storefront says it ""no longer fulfills its purpose of providing a hassle-free modded experience"" "" . GamesRadar+ . Retrieved June 2, 2026 . ↑ Aguilar, Jorge A. (February 12, 2025). ""Daggerfall Unity Recreation Leaves GOG, but It's Still Available"" . How-To Geek . Retrieved June 2, 2026 . ↑ Staff (September 24, 1996). "" Daggerfall Sales Sensational"" . Next Generation . Archived from the original on June 6, 1997. ↑ GamerX (October 29, 1996). ""September's top 30 games"" . CNET Gamecenter . Archived from the original on February 5, 1997. ↑ GamerX (November 27, 1996). ""October's top 30 games"" . CNET Gamecenter . Archived from the original on February 5, 1997. ↑ GamerX (January 10, 1997). ""November's 30 best-sellers"" . CNET Gamecenter . Archived from the original on February 5, 1997. ↑ Heir, Manveer (July 18, 2000). ""Interview with Pete Hines"" . Voodoo Extreme . Archived from the original on August 15, 2000 . Retrieved February 7, 2023 . ↑ House, Michael L. ""The Elder Scrolls II: Daggerfall – Review"" . Allgame . Archived from the original on November 15, 2014 . Retrieved August 15, 2023 . 1 2 Scorpia (December 1996). ""Role-Playing's Cutting Edge"". Computer Gaming World . No. 149. pp. 281, 284, 289, 291, 293. 1 2 Staff (December 1996). ""The Oldest"". Next Generation . No. 24. p. 270. 1 2 Flynn, James (October 1996). ""Staggering"" . PC Gamer UK . No. 35. Archived from the original on May 3, 2002. 1 2 Wolf, Michael (December 1996). "" The Elder Scrolls: Daggerfall "". PC Gamer US . Vol. 3, no. 12. pp. 242, 243. 1 2 Charlie, Brooker. "" Daggerfall "" . PC Zone . Archived from the original on January 17, 2007. 1 2 Ryan, Michael E. (February 4, 1997). ""The (Almost) Perfect Role-Playing Game"". PC Magazine . Vol. 16, no. 3. p. 365. 1 2 Backer, Andy. ""Bethesda Births Belated Blockbuster"" . Computer Games Strategy Plus . Archived from the original on February 28, 2003. 1 2 Brenesal, Barry (November 1996). "" The Elder Scrolls: Daggerfall "" . PC Games . Archived from the original on February 7, 1997. 1 2 ""PC Gamer reveals its 1997 award winners"" . Business Wire (Press release). Brisbane, California: Berkshire Hathaway . February 6, 1997. Archived from the original on March 2, 2014 . Retrieved August 19, 2019 – via The Free Dictionary . 1 2 3 Staff (May 1997). ""The Computer Gaming World 1997 Premier Awards"". Computer Gaming World . No. 154. pp. 68– 70, 72, 74, 76, 78, 80. ↑ ""99 Companies Compete for Software Industry's Highest Honors"" (Press release). Washington, D.C. : Software Publishers Association. December 4, 1996. Archived from the original on February 10, 1998. ↑ ""SPA Hands Out Coveted Codie Awards To Best Software Products of the Year"" (Press release). San Diego : Software Publishers Association. March 3, 1997. Archived from the original on February 10, 1998. ↑ ""The Elder Scrolls II: Daggerfall"" . Giant Bomb . Archived from the original on July 6, 2015 . Retrieved December 30, 2016 . ↑ ""Spotlight Awards Winners Announced for Best Computer Games of 1996"" (Press release). Santa Clara, California : Game Developers Conference . April 28, 1997. Archived from the original on July 3, 2011. ↑ "" Computer Games Strategy Plus announces 1996 Awards"" . Computer Games Strategy Plus . March 25, 1997. Archived from the original on June 14, 1997 . Retrieved November 2, 2010 . ↑ Staff. ""GameSpot 1996 Best & Worst Awards"" . GameSpot . Archived from the original on December 13, 2000. ↑ CGW 148 The 15 Vaporware Title in Computer Game History. ↑ Butcher, Andy (Christmas 1996). ""Games Reviews"". Arcane (14): 74. ↑ Latourette Jr., George (November 5, 1996). ""The Elder Scrolls II: Daggerfall Review"" . GameRevolution . Archived from the original on May 25, 2014 . Retrieved December 30, 2016 . ↑ Ward, Trent. ""Daggerfall Review"" . GameSpot . Archived from the original on October 30, 2016 . Retrieved December 30, 2016 . ↑ Cobbett, Richard (July 14, 2016). ""Most Ambitious PC Games"" . PC Gamer . Archived from the original on February 5, 2017 . Retrieved January 4, 2017 . ↑ Editors of PC Gamer (May 1997). ""The Best 50 Games of All Time"". PC Gamer US . Vol. 4, no. 5. pp. 65, 66, 69, 72, 73, 75, 76, 80, 82, 86, 87, 90, 91, 94– 96. ↑ Flynn, James; Owen, Steve; Pierce, Matthew; Davis, Jonathan; Longhurst, Richard (July 1997). ""The PC Gamer Top 100"". PC Gamer UK . No. 45. pp. 51– 83. ↑ ""Game Manufacturer Sues Lieberman"" . Record-Journal . December 21, 1996. p. 11. Archived from the original on July 2, 2024 . Retrieved July 2, 2024 – via Newspapers.com . ↑ ""News Bits"". GamePro . No. 103. IDG . April 1997. p. 21. External links Official website The Elder Scrolls II: Daggerfall at MobyGames v t e Arena II: Daggerfall III: Morrowind Tribunal Bloodmoon Tribunal Bloodmoon IV: Oblivion Knights of the Nine Shivering Isles Remastered Knights of the Nine Shivering Isles Remastered V: Skyrim Dawnguard Hearthfire Dragonborn Creation Club Dawnguard Hearthfire Dragonborn Creation Club VI Battlespire Redguard Travels Stormhold Shadowkey Oblivion Stormhold Shadowkey Oblivion Online Legends Blades Castles The Infernal City Lord of Souls Tamriel Rebuilt Nehrim: At Fate's Edge Skyrim modding The Forgotten City Enderal Skyblivion Skywind The Forgotten City Enderal Skyblivion Skywind Todd Howard Julian LeFay Ted Peterson Jeremy Soule Bethesda Softworks Bethesda Game Studios Bethesda Game Studios ZeniMax Online Studios Development of Oblivion The Elder Scrolls V: Skyrim: Original Game Soundtrack "" Dragonborn "" "" Dragonborn "" Arrow in the knee OpenMW The Unofficial Elder Scrolls Pages Category v t e The Terminator: Future Shock (1995) Skynet (1996) The Elder Scrolls II: Daggerfall (1996) Legends: Battlespire (1997) Adventures: Redguard (1998) 1996 video games Action role-playing video games Bethesda Softworks games Fantasy video games Cancelled Classic Mac OS games Video games about demons DOS games DOS-only games Freeware games Games commercially released with DOSBox Open-world video games Role-playing video games Single-player video games The Elder Scrolls XnGine games Sequel video games Video games developed in the United States Video games with gender-selectable protagonists Flashpoint Productions games Video games using procedural generation Articles with short description Short description matches Wikidata Use American English from August 2022 All Wikipedia articles written in American English Use mdy dates from April 2022 Articles using Infobox video game using locally defined parameters Articles using Wikidata infoboxes with locally defined images Webarchive template wayback links CS1: unfit URL Articles using Video game reviews template in single platform mode Official website different in Wikidata and Wikipedia"
Elderscrolls RPG,https://en.wikipedia.org/wiki/The_Elder_Scrolls,"Primary Bethesda Softworks (1994–1998) Bethesda Game Studios (2002–present) Other Vir2L Studios (2003–2004) TKO Software (2004) ZeniMax Online Studios (2014) Dire Wolf Digital (2017) Virtuos (2025) Primary Bethesda Softworks (1994–present) 2K Games (Oblivion only) Other Vir2L Studios (2003–2004) Nokia (2004) Android iOS J2ME macOS Windows MS-DOS N-Gage Nintendo Switch Nintendo Switch 2 PlayStation 3 PlayStation 4 PlayStation 5 Stadia Xbox Xbox 360 Xbox One Xbox Series X/S The Elder Scrolls is a series of action role-playing video games primarily developed by Bethesda Game Studios and published by Bethesda Softworks . The series focuses on free-form gameplay in an open world . Most games in the series have been critically and commercially successful, with The Elder Scrolls III: Morrowind (2002), The Elder Scrolls IV: Oblivion (2006) and The Elder Scrolls V: Skyrim (2011) all winning Game of the Year awards from multiple outlets. The series has sold more than 90 million copies worldwide. [ a ] Within the series' fictional universe , each game takes place on the continent of Tamriel. The setting combines pre-medieval real-world elements, such as a powerful Roman -like Empire, with high fantasy medieval themes, including limited technology, widespread magic use, and the existence of many mythological creatures. The continent is split into a number of provinces inhabited by humans and humanoid fantasy races such as elves , orcs and anthropomorphic animals. A common theme in the lore is that a chosen hero (represented by the player's character ) rises to defeat an impending threat, typically a malevolent being or an antagonistic army. Since debuting with The Elder Scrolls: Arena in 1994, the series has produced a total of five main games (of which the last three have each featured two or three expansions ) as well as several spin-offs . [ 7 ] In 2014, a massively multiplayer online role-playing game , The Elder Scrolls Online , was released by Bethesda's affiliated ZeniMax subsidiary ZeniMax Online Studios . Development history Before The Elder Scrolls Prior to working on The Elder Scrolls series, Bethesda had worked predominantly with sports and action games. In the six years from its founding to Arena ' s 1994 release, Bethesda had released ten games, six of them sports games, [ 8 ] with titles such as Hockey League Simulator , NCAA Basketball: Road to the Final Four ('91/'92 Edition) , and Wayne Gretzky Hockey , [ 9 ] and the remaining four adaptations from other media, [ 8 ] primarily the Terminator series. [ 9 ] Bethesda's course changed abruptly when it began working on its first action role-playing game. Designer Ted Peterson recalls: ""I remember talking to the guys at Sir-Tech who were doing Wizardry VII: Crusaders of the Dark Savant at the time, and them literally laughing at us for thinking we could do it."" [ 10 ] Ted Peterson worked alongside Vijay Lakshman as one of the initial designers of what became known as Arena , a ""medieval-style gladiator game"". [ 10 ] [ 11 ] Arena Peterson and Lakshman were joined by Julian LeFay who, according to Peterson, ""really spear-headed the initial development of the series"". [ 10 ] Peterson, Lakshman, and LeFay were longtime aficionados of pen-and-paper role-playing games, [ 10 ] which greatly influenced the creation of the world of Tamriel . [ 11 ] They were also fans of Looking Glass Studios ' Ultima Underworld series, their main inspiration for Arena . [ 10 ] Initially, Arena was not to be a role-playing game at all. The player, and a team of their fighters, would travel the world, fighting other teams in their arenas until the player became ""grand champion"" in the world's capital, the Imperial City. [ 11 ] Along the way, side quests of a more role-playing nature could be completed. As the process of development progressed, however, the tournaments became less important and the side quests more. [ 10 ] Role-playing game elements were added, as it expanded to include cities outside the arenas, and dungeons beyond the cities. [ 11 ] Eventually it was decided to drop the idea of tournaments altogether, and focus on quests and dungeons, [ 10 ] making the game a ""full-blown [role-playing game]"". [ 11 ] Although the team had dropped all arena combat from the game, all the material had already been printed up with the title, so the game went to market as The Elder Scrolls: Arena . Lakshman, who then worked at Christopher Weaver's Bethesda Softworks, came up with the name of The Elder Scrolls [ 10 ] and the words eventually came to mean ""Tamriel's mystical tomes of knowledge that told of its past, present, and future"". [ 11 ] The game's initial voice-over was changed in response, beginning: ""It has been foretold in the Elder Scrolls ..."" [ 10 ] Bethesda missed their Christmas 1993 deadline for releasing Arena , and the game was released in the first quarter of 1994 instead, a ""really serious [mistake] for a small developer/publisher like Bethesda Softworks"". The packaging included a scantily clad female warrior, which further contributed to distributor concern, leading to an initial distribution of only 20,000 units. Having missed the Christmas sales season, the development team was concerned that they ""had screwed the company"". Nevertheless, sales continued to grow, month after month, as news of the game was passed by word-of-mouth. [ 10 ] Despite some initial software bugs , [ 10 ] and the formidable demands the game made on players' machines, [ 12 ] it became a cult hit. [ 8 ] Evaluations of the game's success varied from ""modest"" [ 12 ] to ""wild"". [ 8 ] Still, the game maintained traction with its audience. Game historian Matt Barton concluded that ""the game set a new standard for this type of role-playing video game , and demonstrated just how much room was left for innovation"". [ 12 ] Daggerfall Work on The Elder Scrolls II: Daggerfall began after Arena ' s release in March 1994. [ 13 ] Ted Peterson was assigned the role of lead game designer. [ 10 ] He endeavoured to make Daggerfall ' s plot less ""clichéd"" than Arena ' s and involve a ""complex series of adventures leading to multiple resolutions"". [ 10 ] With Daggerfall , Arena ' s experience-point-based system was replaced with one rewarding the player for conducting role-playing activities with their character. [ 13 ] Daggerfall came equipped with an improved character generation engine, one that included a GURPS -influenced class creation system, offering players the chance to create their own classes, and assign their own skills. [ 10 ] [ 14 ] Daggerfall was developed with an XnGine engine, one of the first truly 3D engines. Daggerfall realized a game world the size of Great Britain, [ 13 ] filled with 15,000 towns and a population of 750,000. [ 8 ] It was influenced by analog games and literature that Julian LeFay or Ted Peterson happened to be playing or reading at the time, such as Dumas 's The Man in the Iron Mask and Vampire: The Masquerade . [ 10 ] It was released in September 1996. [ 15 ] Like Arena , Daggerfall ' s initial release suffered from some bugs, leaving consumers disgruntled. [ 12 ] These early anomalies were fixed in later versions. This experience led to a more prudent release schedule for future games. [ 16 ] Battlespire and Redguard Following the release of Daggerfall , work began on three separate projects at once: An Elder Scrolls Legend: Battlespire , The Elder Scrolls Adventures: Redguard , and The Elder Scrolls III: Morrowind . Battlespire , originally titled Dungeon of Daggerfall: Battlespire , was the first of the three to be released, [ 17 ] on November 30, 1997. [ 18 ] Originally designed as an expansion pack for Daggerfall , it was eventually rebranded as a standalone game. Battlespire focused on dungeon romping and offered multiplayer gaming in the form of a player versus player deathmatch mode, the only series title to do so [ 17 ] prior to the release of The Elder Scrolls Online in 2014. Redguard was the second of the three titles to be released, on October 31, 1998. [ 19 ] It was an action-adventure game inspired by Tomb Raider , Prince of Persia , and the Ultima series. [ 20 ] Redguard did not offer the player the chance to create their own character. Instead, players would play the prefabricated ""Cyrus the Redguard"". [ 20 ] Both games did poorly with Bethesda's target audience. Players used to the vast open spaces of Daggerfall did not take well to the reduced worlds of Redguard and Battlespire . Based upon its customers' clear desire for massive role-playing game worlds, Bethesda redoubled its efforts to build the next major chapter. [ 8 ] Morrowind The third title in The Elder Scrolls series was conceived during the development of Daggerfall . [ 21 ] Initially designed to encompass the whole province of Morrowind and allow the player to join all five Dunmer Great Houses, it was decided that the scope of the game was too much for the technology available at the time. [ 21 ] At publication, it covered the province's central isle of Vvardenfell and allowed the player to join three of the Great Houses. The XnGine was scrapped and replaced with Numerical Design Limited's Gamebryo , a Direct3D -powered engine with transform, clipping, and lighting capacity, [ 22 ] 32-bit textures and skeletal animation. [ 23 ] It was decided that the game world would be populated using the methods the team had developed in Redguard ; with the game objects crafted by hand, rather than generated using random algorithmic methods. [ 24 ] The project took ""close to 100-man-years to create"". Bethesda tripled their staff and spent the first year developing The Elder Scrolls Construction Set . This allowed the game staff to easily balance the game and to modify it in small increments rather than large. [ 21 ] Ted Peterson , who had left following the release of Daggerfall , returned to work as an author of in-game material, and as a general consultant on the lore-based aspects of the work. [ 25 ] The PC version of Morrowind had gone gold by April 23, 2002, [ 26 ] [ 27 ] and was released on May 1 in North America, [ 28 ] with the Xbox release set at June 7. [ 29 ] On January 3, Bethesda announced that game publisher Ubisoft would take control of Morrowind ' s European distribution, in addition to those of eight other Bethesda games. [ 30 ] The expansion pack The Elder Scrolls III: Tribunal went gold on November 1 [ 31 ] and was released, with little fanfare, [ 32 ] on November 6. [ 33 ] Tribunal puts the player in the self-contained, walled city of Mournhold, which can be teleported to from Morrowind's land mass. [ 31 ] Development on the expansion began after Morrowind shipped, giving the developers a mere five-month development cycle to release the game. The prior existence of the Construction Set , however, meant that the team ""already had the tools in place to add content and features very quickly"". [ 34 ] Interface improvements, and specifically an overhaul of Morrowind ' s journal system, were among the key goals. [ 34 ] [ 35 ] Morrowind ' s second expansion, The Elder Scrolls III: Bloodmoon , went gold by May 23, [ 36 ] and was released on June 6. [ 37 ] It had been worked on since the release of Tribunal . [ 38 ] In the expansion, the player travels to the frozen island of Solstheim and is asked to investigate the uneasiness of the soldiers stationed there. Oblivion Work on The Elder Scrolls IV: Oblivion began in 2002, after Morrowind ' s publication. [ 40 ] Oblivion was developed by Bethesda Softworks , and the initial Xbox 360 and PC releases were co-published by Bethesda and Take-Two Interactive subsidiary 2K Games . [ 41 ] [ 42 ] Oblivion was released on March 21, 2006. [ 43 ] The game centers around an event referred to as ""The Oblivion Crisis"", where portals to the planes of Oblivion open and release hordes of Daedra upon Tamriel. Developers working on Oblivion focused on providing a tighter storyline, more developed characters, [ 44 ] [ 45 ] and to make information in the game world more accessible to players. [ 46 ] Oblivion features improved AI , [ 47 ] [ 48 ] improved physics, [ 49 ] and improved graphics . [ 50 ] [ 51 ] [ 52 ] Bethesda developed and implemented procedural content creation tools in the creation of Oblivion ' s terrain, leading to landscapes that are more complex and realistic than those of past titles, but had less of a drain on Bethesda's staff. [ 53 ] [ 54 ] Two downloadable expansion packs, Knights of the Nine and Shivering Isles were released in 2006 and 2007, respectively. [ 55 ] [ 56 ] Knights of the Nine added a questline surrounding the search for a set of Crusader relics, while Shivering Isles added the eponymous plane to the game. A remaster of Oblivion was revealed and subsequently released on April 22, 2025. Skyrim In August 2010, Todd Howard revealed Bethesda was working on a game that had been in development since the release of Oblivion , and that progress was very far along. While the game was conceptualized after Oblivion ' s release, main development was restricted until after Fallout 3 was released. [ 57 ] In November, Kristian West, then the editor-in-chief of Eurogamer ' s Danish outlet, reported overhearing a developer on a plane talking about the project; a new The Elder Scrolls game, [ 58 ] [ 59 ] although Bethesda did not comment on the report. At the Spike Video Game Awards in December, Howard appeared on stage to unveil a teaser trailer and announce the title of the game. [ 60 ] The Elder Scrolls V: Skyrim was released on November 11, 2011, to widespread critical acclaim. It was awarded 'Game of the Year' by IGN, [ 61 ] Spike [ 62 ] and others. The game is set after the events of Oblivion , when the great dragon Alduin the World Eater returns to Skyrim; a beast whose existence threatens all life in Tamriel. The setting is heavily based on Scandinavia, as seen in the climate and creatures the character encounters. Three pieces of add-ons were released on PC and Xbox 360 in 2012 – Dawnguard , Hearthfire and Dragonborn , with a PlayStation 3 release in February 2013. Dawnguard added two joinable factions and an associated questline revolving around Vampires and the Dawnguard, a group of vampire hunters, while Hearthfire added more home customization options including a house creation kit and the ability to adopt children. Dragonborn added the island of Solstheim to the northeast. On October 28, 2016, Skyrim – Special Edition was released. [ 63 ] In 2016, on the fifth anniversary of Skyrim ' s release, Zen Studios developed and released a virtual pinball adaptation of the game as part of the Bethesda Pinball collection, which became available as part of Zen Pinball 2 , Pinball FX 2 [ 64 ] and Pinball FX 3 , [ 65 ] as well as a separate free-to-play app for iOS and Android mobile devices. [ 66 ] On November 17, 2017, Skyrim VR was released for PlayStation 4 . [ 67 ] On June 10, 2018, Skyrim: Very Special Edition , a voice-activated text adventure game poking fun at the game's many releases, was released for Amazon Alexa devices. [ 68 ] The player character , Dragonborn, is a downloadable Mii fighter costume in the Nintendo crossover fighting game Super Smash Bros. Ultimate . [ 69 ] The Elder Scrolls Online and Legends On May 3, 2012, The Elder Scrolls Online was revealed. The Elder Scrolls Online was released for Windows and macOS on April 4, 2014, with the Xbox One and PlayStation 4 versions initially slated to follow in June 2014 but later delayed until June 9, 2015. [ 70 ] The game originally required a subscription to play, but this requirement was dropped on March 17, 2015. [ 71 ] There is however a subscription service entitled ""ESO Plus"" which grants access to all current and future downloadable content (DLC). The DLC is otherwise available for individual purchase in the Crown Store. Additionally, the optional subscription grants various perks that allow players to progress slightly faster than a free player, and grants them a payment of 1650 crowns per month. [ 72 ] On June 14, 2015, The Elder Scrolls: Legends , a collectible card game, was announced by Bethesda during the Electronic Entertainment Expo 2015 . It was released on March 9, 2017, for Microsoft Windows and later that year for Android , iOS , and macOS . The game's servers remained online until January 30, 2025. Blades and Castles At Bethesda's E3 2018 press conference, Todd Howard announced The Elder Scrolls: Blades , originally planned for release in Q3 2018, and it was originally expected to be released for Apple and Android phones first, followed by PC and console, including VR . The player is able to play as a member of the faction called the Blades, who has returned home to their town to find it destroyed. There are survival, arena, and town-building modes, with multiplayer support through its arena and town-building mode, as well as cross-platform. The game is also able to be played in portrait mode, unusual for a role-playing game. [ 73 ] [ 74 ] The early access of Blades began March 27, 2019 for those who pre-ordered the game. Blades was expected to be fully released some time in early 2019, [ 75 ] before being released for Android , iOS and Nintendo Switch in May 2020. [ 76 ] The Elder Scrolls: Castles , a mobile spin-off game similar to Fallout Shelter , was released for Android in early access on September 28, 2023, [ 77 ] formally releasing on Android and iOS on September 10, 2024. The Elder Scrolls VI Elder Scrolls VI was first announced as being in pre-production during E3 2018 , [ 78 ] along with Starfield . [ 79 ] Phil Spencer said that The Elder Scrolls VI would be coming out after Playground Games ' Fable title. [ 80 ] The game was expected to be released exclusively on PC and Xbox, [ 81 ] following Microsoft's 2021 acquisition of Bethesda. [ 82 ] In late 2025, Todd Howard commented on the latest installment to the series, asking for patience from fans and stating the game is still a long way off. [ 83 ] In a March 2026 interview with IGN , Howard stated that ""builds of the game are consistently working every day."" [ 84 ] Gameplay The Elder Scrolls games are action role-playing games and include elements taken from action and adventure games. In Arena , players advance by killing monsters (and thereby gaining experience points ) until a preset value is met, whereupon they level-up. However, in Daggerfall , Morrowind , and Oblivion , the series took a skill-based approach to character advancement. Players develop their characters' skills by applying them and only level-up when a certain set of skills have been developed. Skyrim took a new approach, where the more a skill is leveled, the more it helps to level the character. This shifted the focus away from character creation and more onto character development. The flexibility of the games' engines has facilitated the release of game extensions (or mods ) through The Elder Scrolls Construction Set . The Elder Scrolls main series of games emphasizes different aspects of the gaming experience than most role-playing games. A brief article by Joystiq in early November 2006 compared BioWare 's creations to Bethesda's by noting a difference in emphasis. Bethesda's creations focused on ""aesthetic presentation and open-ended adventuring""; BioWare's on a combat system and modular architecture. [ 85 ] This overarching aim has been noted by their designers as well. Bethesda has described their motivations in creating the first series game, Arena , as those of any good pen-and-paper role-playing games: creating an environment in which the player could be what the player wants and do what the player wants. [ 86 ] Daggerfall ' s manual begins with a design manifesto, declaring the developers' intention to ""create a book with blank pages"" and ""a game designed to encourage exploration and reward curiosity"". Choices, in the form of paths taken by the player, to do good, to chase after evil, are left open to the player, ""just like in real life"". [ 87 ] This design trend continued with Morrowind , following the hiatus of similarly epic games in the interim, though Joystiq's previously noted insistence on graphics came again to the fore. During the development of Morrowind , Bethesda tripled its staff, so as to perfectly color its newly hand-made world. In their own words, ""We knew we had to exceed the visual polish of the other games on the market, and we made it our goal to put The Elder Scrolls back into the forefront of game innovation."" [ 21 ] Series overview Setting The Elder Scrolls takes place in a high fantasy world with influences from real world cultures. [ 88 ] : 138 Like most works of high fantasy, The Elder Scrolls games are typically serious in tone and epic in scope, dealing with themes of a grand struggle against a supernatural or evil force. Many races exist in the world of The Elder Scrolls , some typical of high fantasy works, such as humans, orcs and elves ; some atypical, such as the lizard-like Argonians and cat-like Khajiit; and some subversions, such as the extinct Dwemer, known colloquially as "" dwarves "", who follow the high fantasy stereotype of being subterranean , skilled metallurgists and masons , but are actually classified as a variety of elf who are highly technologically advanced. As is also typical in high fantasy works, magic and sorcery , mythical creatures , factions with their own political agendas, walled medieval cities and strongholds, and plot elements driven by prophecies and legends are common. The Elder Scrolls is known for its attention to detail, including extensive lore, scenery and backstory. There is no omniscient narrator. Instead, the lore is presented in-universe, as written by the fictional scholars who inhabit the world, and it is subject to their biases and speculation. Players are encouraged to form their own interpretations of the lore and have developed extensive fan works . The developers avoid invalidating or overruling fan theories through canon . Internal inconsistencies are explained as errors in scholarship. Some inconsistencies, such as incorporating mutually exclusive endings to earlier games, are intentionally introduced and explained as magical paradoxes . [ 89 ] Other elements of the lore are intentionally contradictory or made ambiguous to allow players to decide for themselves what is true. Players can, for example, deny being a prophesied hero or accept the role. [ 90 ] The first game in the series, Arena , featured little in the way of lore and lacked many elements that would come to define the series. [ 91 ] An elaborate system of gods and myths were introduced in the second game, Daggerfall . [ 7 ] The lore's complexity came from a desire to improve on the writing in Arena , which had been criticized as lackluster. [ 92 ] After Daggerfall , the designers focused on further expanding the lore once they realized they still did not know much about the world's fictional history or religions. [ 90 ] The series' fictional cosmology is inspired by Gnosticism . [ 93 ] There are contradictory creation myths , one of which claims that some of the gods were tricked into creating the mortal world, surrendering a portion of their power. These became the Eight Divines (also known as Aedra), who are worshipped as benevolent deities. A Ninth Divine, Talos, was added upon the death of Tiber Septim, who was the first to unite Tamriel under a single empire. Tiber Septim's apotheosis as Talos remains controversial, especially among elven races, and is one of the major conflicts of The Elder Scrolls V: Skyrim . A separate pantheon of more demonic deities known as the Daedra retain their full power and reside in Oblivion, a separate dimension. [ 94 ] Individual Daedra are not necessarily evil, though they are often depicted as lacking empathy. [ 95 ] The Elder Scrolls games primarily take place on the continent of Tamriel, located on the planet of Nirn. [ 96 ] The exceptions are An Elder Scrolls Legend: Battlespire , which is set in a different dimension; portions of The Elder Scrolls IV: Oblivion and the entirety of its expansion, Shivering Isles , which take place in Oblivion; [ 97 ] quests in Oblivion during the Dawnguard and Dragonborn add-ons of The Elder Scrolls V: Skyrim ; and further quests in Oblivion from The Elder Scrolls Online . Other continents exist on Nirn aside from Tamriel, such as Akavir, Pyandonea, Yokuda, and Atmora, but the people of Tamriel have little to no contact with these other continents and therefore do not possess much verifiable knowledge about them. [ 98 ] Tamriel comprises nine provinces, each of which is dominated by a distinct race: Black Marsh is home to the Argonians; Cyrodiil is home to the Imperials; Elsweyr is home to the Khajiit; Hammerfell is home to the Redguards; High Rock is home to the Bretons; Morrowind is home to the Dunmer, or Dark Elves; Skyrim is home to the Nords; Summerset Isle is home to the Altmer, or High Elves; and Valenwood is home to the Bosmer, or Wood Elves. A tenth race, the Orsimer, or Orcs, reside in settlements scattered across Tamriel and, at some points in history, a kingdom inside High Rock known as Orsinium. [ 99 ] Each province is shared by many races, as this notion is a point of tension in Elder Scrolls V . Although various empires have controlled Tamriel over its several thousand years of recorded history, most games in the series have taken place during the Third Cyrodiilic Empire, which initially unites the entire continent under the reign of the Septim dynasty. In Arena , players are tasked with freeing the Emperor Uriel Septim VII from a magical prison engineered by his court wizard, who has usurped the throne and magically disguised himself as the Emperor. In Daggerfall , Uriel VII tasks the player with finding a powerful artifact. The player can give it to any of several factions, which will use it to reshape the regional power structure. In Morrowind , the player is prophesied to be the reincarnation of a great elven hero. Taking advantage of this, the Empire tasks the player with stabilizing the province of Morrowind by putting down a rebellion by a would-be god. In Oblivion , a religious cult opens a dimensional gate to a Hell-like realm and throws the Empire into chaos by killing Uriel VII and all of his known heirs. Although the player assists an illegitimate royal heir in closing the dimensional gate, the heir's heroic sacrifice brings an abrupt end to the Septim bloodline, causing a succession crisis that devastates the Empire and reduces it to a rump state . In Skyrim , the Empire (now ruled by the Mede dynasty) is recovering from a horrific war against an elven separatist ethnostate , the Aldmeri Dominion, which covers most of southwest Tamriel, and whose terms of surrender have weakened the Empire even further and ultimately led to an ongoing civil war in the province of Skyrim. Amid these mounting tensions, Tamriel has to face the return of a legendary dragon known as ""the World-Eater"", long after dragons were thought to have gone extinct. The Elder Scrolls Online serves as a prequel to the Third Empire storyline, taking place in the middle of a 600-year interregnum between the Second and Third Cyrodiilic Empires. The initial game follows the player, who has been sacrificed by followers of the Daedric prince Molag Bal, as they manage to return to the mortal plane with the help of a former Emperor masquerading as a prophet. The player must join one of the three different military alliances that are vying for control of Tamriel in the Three Banners War, but is ultimately tasked with uniting all three factions against Molag Bal's attempt to assimilate the entirety of the planet Nirn into his realm of Coldharbour. The Elder Scrolls themselves play a very limited role in the storyline of the series, usually only as a framing plot device (i.e. ""[the events in this game] were foretold in the Elder Scrolls...""). The Elder Scrolls are rarely referenced in the games. The Elder Scrolls IV: Oblivion marks the first appearance of the Scrolls in the final quest of the Thieves Guild questline. [ 7 ] The Scroll appears as an incomprehensible chart containing luminous glyphs . Oblivion further introduces monks who dedicate their lives to the study of the scrolls. [ 100 ] In The Elder Scrolls V: Skyrim , the Scrolls are integrated into the series' creation myth and are portrayed as potentially causing insanity when deciphered. The Scrolls are used in the main quest to travel back in time and learn how to defeat the antagonist, an immortal dragon. [ 101 ] Skyrim ' s Dawnguard expansion adds a quest to acquire the Scrolls to either assist or stop a vampire from blotting out the sun . [ 102 ] Future At E3 2016 , Bethesda Game Studios director Todd Howard reported that the studio was already working on a sixth installment in The Elder Scrolls franchise, although it would still be ""a very long way off"" [ 103 ] and at E3 2017 , Bethesda Softworks vice president of public relations stated that no new title was in active development, and that they have ""at least two major titles"" to complete before this would change. [ 104 ] At E3 2018 , Howard presented a short teaser trailer for The Elder Scrolls VI and announced that it would be released following Starfield . [ 105 ] In an interview in June 2023, Howard also stated that it may be the last Elder Scrolls game he makes. [ 106 ] Information about ""early builds"" of the game were mentioned in 2024 [ 107 ] with Howard stating in 2026 that the new game would run on an updated Creation Engine. [ 108 ] Other media In 2009, science-fiction author Gregory Keyes released The Infernal City , a novel set approximately 40 years after the Oblivion Crisis. Lord of Souls was released in 2011 as Keyes's second novel in his The Elder Scrolls book series. Reception In 2012, Complex ranked The Elder Scrolls at number 20 on the list of the best video game franchises. [ 165 ] In 2013, The Elder Scrolls was voted as the Greatest Game Series of the Decade on GameSpot , beating out 64 other competitors. The Elder Scrolls reached the final round, beating the Grand Theft Auto series by a margin of 52.5% of the vote for The Elder Scrolls to 47.5% for Grand Theft Auto . [ 166 ] [ 167 ] Controversies The fourth main game of the series, Oblivion , was initially released with a Teen rating by the ESRB , but after reports that its developers failed to disclose content that would not be encountered through normal gameplay but would be inconsistent with that rating, the ESRB took a second look at Oblivion that took the obscured content into consideration and in an unprecedented move that drew significant media coverage, raised the game's rating to Mature . [ 168 ] In August 2011, Bethesda Softworks contacted the developer of Minecraft , Mojang , claiming that the intended trademark of the title Scrolls for its new game breached Bethesda's trademark on The Elder Scrolls . [ 169 ] On March 10, 2012, Markus Persson tweeted that the two had come to an agreement over the use of the name. The agreement prohibits Mojang from using the title Scrolls in any future sequels of the game. [ 170 ] In May 2019, Bethesda Softworks released a promotional free tabletop role-playing game titled Elsweyr . It was accused of being plagiarized as it shared a very similar plot to the Dungeons & Dragons adventure ""The Black Road"", written by Paige Leitman and Ben Heisler, and contains reworded text that substitutes some words for synonyms. [ 171 ] [ 172 ] After Leitman posted about the similarities on Facebook , [ 171 ] the game was removed from their The Elder Scrolls Online Facebook page. [ 173 ] Notes ↑ The Elder Scrolls Series sales: The Elder Scrolls: Arena : 120,000 sold [ 1 ] 1994: 90,000 [ 1 ] 1995: 24,000 [ 1 ] 1996: 6,000 [ 1 ] The Elder Scrolls II: Daggerfall : 700,000 sold [ 2 ] The Elder Scrolls III: Morrowind : 4 million sold [ 3 ] The Elder Scrolls IV: Oblivion : 9.5 million sold [ 4 ] The Elder Scrolls V: Skyrim : 60 million sold [ 5 ] The Elder Scrolls Online : 15 million sold [ 6 ] The Elder Scrolls: Arena : 120,000 sold [ 1 ] 1994: 90,000 [ 1 ] 1995: 24,000 [ 1 ] 1996: 6,000 [ 1 ] 1994: 90,000 [ 1 ] 1995: 24,000 [ 1 ] 1996: 6,000 [ 1 ] The Elder Scrolls II: Daggerfall : 700,000 sold [ 2 ] The Elder Scrolls III: Morrowind : 4 million sold [ 3 ] The Elder Scrolls IV: Oblivion : 9.5 million sold [ 4 ] The Elder Scrolls V: Skyrim : 60 million sold [ 5 ] The Elder Scrolls Online : 15 million sold [ 6 ] References 1 2 3 4 Gussin, Lawrence (November 1996). ""The consumer title publishing business"" . CD-ROM Professional . Archived from the original on July 21, 2024 . Retrieved July 21, 2024 – via Gale Research . ↑ Manveer ""Eidolon"" Heir (July 18, 2000). ""Interview with Pete Hines"" . Archived from the original on August 15, 2000 . Retrieved February 17, 2023 . ↑ ""Lynda Carter Joins the Voice Cast of The Elder Scrolls IV: Oblivion"" . Bethesda Softworks . August 17, 2005. Archived from the original on July 10, 2010 . Retrieved November 26, 2006 . ↑ Kollar, Philip (November 10, 2015). ""Fallout 4 could be a bigger hit than Skyrim"" . Polygon . Vox Media . Archived from the original on November 13, 2015 . Retrieved November 13, 2015 . ↑ Yaden, Joseph (June 12, 2023). ""Skyrim Is Now Within The Top 10 Best-Selling Games Of All Time"" . GameSpot . Fandom, Inc. Archived from the original on June 12, 2023 . Retrieved June 13, 2023 . ↑ Hines, Pete [@DCDeacon] (January 10, 2020). ""More than 15 million people have bought ESO"" ( Tweet ) . Retrieved January 10, 2020 – via Twitter . ) 1 2 3 The evolution of The Elder Scrolls . Archived December 1, 2016, at the Wayback Machine . PC Gamer . 1 2 3 4 5 6 Blancato, Joe (February 6, 2007). ""Bethesda: The Right Direction"" . The Escapist. Archived from the original on April 3, 2007 . Retrieved June 1, 2007 . 1 2 ""Game Browser: Bethesda Softworks LLC"" . MobyGames . Archived from the original on April 14, 2019 . Retrieved June 9, 2007 . 1 2 3 4 5 6 7 8 9 10 11 12 13 14 15 ""Ted Peterson Interview I"" . Morrowind Italia. April 9, 2001. Archived from the original on October 13, 2007 . Retrieved June 8, 2007 . 1 2 3 4 5 6 ""Arena - Behind the Scenes"" . The Elder Scrolls 10th Anniversary . Bethesda Softworks . 2004. Archived from the original on May 9, 2007 . Retrieved June 8, 2007 . 1 2 3 4 Barton, Matt (April 11, 2007). ""The History of Computer Role-Playing Games Part III: The Platinum and Modern Ages (1994–2004)"" . Gamasutra . Archived from the original on June 11, 2007 . Retrieved June 8, 2007 . 1 2 3 ""Daggerfall - Behind the Scenes"" . The Elder Scrolls 10th Anniversary . Bethesda Softworks . 2004. Archived from the original on May 9, 2007 . Retrieved June 9, 2007 . ↑ ""Daggerfall"". Next Generation Magazine (11): 82– 5. November 1995. ↑ ""Bethesda Softworks Announces the Release of The Elder Scrolls: Daggerfall"" . PR Newswire . September 27, 1996. Archived from the original on July 21, 2024 . Retrieved August 20, 2024 – via Gale Research . ↑ ""Battlespire"". Next Generation Magazine (34): 124– 5. October 1997. 1 2 ""Battlespire - Behind the Scenes"" . The Elder Scrolls 10th Anniversary . Bethesda Softworks . 2004. Archived from the original on June 9, 2007 . Retrieved June 13, 2007 . ↑ ""Battlespire release dates"" . GameSpot . Archived from the original on September 30, 2007 . Retrieved June 14, 2007 . ↑ ""Redguard release dates"" . GameSpot . Archived from the original on September 30, 2007 . Retrieved June 14, 2007 . 1 2 ""Redguard - Behind the Scenes"" . The Elder Scrolls 10th Anniversary . Bethesda Softworks . 2004. Archived from the original on May 19, 2007 . Retrieved June 13, 2007 . 1 2 3 4 ""Morrowind, Behind the Scenes"" . The Elder Scrolls Tenth Anniversary . Bethesda Softworks . 2004. Archived from the original on November 14, 2006. ↑ Qwerty (July 2001). ""Interview with Morrowind Developers"" . The Interviews . Game. EXE. Reprinted in The Imperial Library. Archived from the original on September 28, 2010 . Retrieved October 18, 2010 . ↑ IGN Staff (October 27, 2000). ""Elder Scrolls III: Morrowind Interview 2"" . IGN. Archived from the original on February 10, 2007 . Retrieved May 14, 2007 . ↑ ""Development Team Chat No. 1"" . VoodooExtreme . July 19, 2000. Archived from the original on October 19, 2007 . Retrieved September 20, 2006 . ↑ Ultimate (July 9, 2001). ""Ted Peterson Interview II"" . Archived from the original on November 12, 2007 . Retrieved June 14, 2007 . ↑ ""The Elder Scrolls III: Morrowind for PC goes gold"" . Bethesda Softworks . April 23, 2002. Archived from the original on August 12, 2002 . Retrieved August 15, 2013 . ↑ Walker, Trey (April 23, 2002). ""Morrowind goes gold"" . GameSpot . Archived from the original on September 30, 2007 . Retrieved May 8, 2007 . ↑ ""PC release dates"" . GameSpot . Archived from the original on June 17, 2006 . Retrieved September 30, 2006 . ↑ ""The Elder Scrolls III: Morrowind for Xbox headed to stores"" . Bethesda Softworks . June 4, 2002. Archived from the original on August 4, 2002 . Retrieved August 15, 2013 . ↑ ""Ubi Soft signs major publishing contract with Bethesda Softworks to distribute multiple titles in Europe"" . Bethesda Softworks . January 3, 2002. Archived from the original on March 17, 2007 . Retrieved May 8, 2007 . 1 2 Parker, Sam (September 6, 2002). ""Tribunal to expand world of Morrowind"" . GameSpot . Archived from the original on September 30, 2007 . Retrieved May 22, 2007 . ↑ McNewserson, Newsey (November 8, 2002). ""Elder Scrolls III: Tribunal Ships"" . IGN. Archived from the original on May 22, 2007 . Retrieved May 19, 2007 . ↑ ""Tribunal release dates"" . GameSpot . Archived from the original on September 30, 2007 . Retrieved May 19, 2007 . 1 2 Staff (October 11, 2002). ""The Elder Scrolls III: Tribunal Q&A"" . GameSpot . Archived from the original on September 29, 2007 . Retrieved May 19, 2007 . ↑ Abner, William (December 8, 2002). ""Morrowind: Tribunal Review, page 1"" . GameSpy . Archived from the original on October 19, 2006 . Retrieved September 20, 2006 . Brenesal, Barry (December 9, 2002). ""Elder Scrolls III: Tribunal Review, page 1"" . IGN. Archived from the original on August 4, 2006 . Retrieved September 20, 2006 . Desslock (November 21, 2002). ""Elder Scrolls III: Tribunal Review, page 2"" . GameSpot . Archived from the original on September 30, 2007 . Retrieved May 19, 2007 . ↑ Parker, Sam (May 23, 2003). ""Morrowind expansion goes gold"" . GameSpot . Archived from the original on February 11, 2007 . Retrieved May 20, 2007 . ↑ ""Bloodmoon release dates"" . GameSpot . Archived from the original on September 30, 2007 . Retrieved May 20, 2007 . ↑ Staff (May 30, 2003). ""The Elder Scrolls III: Bloodmoon Q&A"" . GameSpot . Archived from the original on September 30, 2007 . Retrieved May 20, 2007 . ↑ Liebl, Matt (October 26, 2011). ""The Graphical Advancements of Skyrim: A Comparison to Oblivion"" . GameZone . GameZone Online. Archived from the original on January 27, 2013. ↑ Thorsen, Tor (September 10, 2004). ""Elder Scrolls IV coming to PC, next-gen"" . GameSpot . Archived from the original on September 30, 2007 . Retrieved May 26, 2007 . ↑ ""Bethesda Softworks Signs Co-Publishing Agreement with Take-Two Interactive for The Elder Scrolls IV: Oblivion"" . Bethesda Softworks . February 3, 2005. Archived from the original on February 7, 2005 . Retrieved August 15, 2013 . ↑ Thorsen, Tor (February 3, 2005). ""Take-Two to copublish Elder Scrolls IV, Cthulhu"" . GameSpot . Archived from the original on September 30, 2007 . Retrieved May 26, 2007 . ↑ Thorsen, Tor (October 31, 2005). ""Elder Scrolls IV missing Xbox 360 launch"" . GameSpot . Archived from the original on September 29, 2007 . Retrieved May 26, 2007 . Valerias (December 10, 2005). ""Oblivion: Release Date Dramas"" . GameSpy . Archived from the original on February 23, 2013 . Retrieved May 27, 2007 . ↑ Howard, Todd. ""The RPG for the Next Generation"" . Bethesda Softworks . Archived from the original on March 20, 2007 . Retrieved March 26, 2007 . ↑ Stargleman (May 29, 2005). ""E3 2005 Coverage: Gavin Carter"" . GameSpy . Archived from the original on October 19, 2007 . Retrieved May 27, 2007 . ↑ Callaham, John (September 26, 2005). ""Elder Scrolls IV: Oblivion Interview"" . Gamecloud. Archived from the original on November 3, 2005 . Retrieved June 2, 2007 . ↑ Houghton, Mat. ""Developers Corner: The Elder Scrolls IV: Oblivion"" . Game Chronicles. Archived from the original on August 21, 2007 . Retrieved August 11, 2007 . ↑ Husemann, Charles (June 2, 2005). ""Elder Scrolls IV: Oblivion Interview"" . Gaming Nexus. Archived from the original on August 16, 2007 . Retrieved August 11, 2007 . ↑ Shuman, Sid (May 23, 2006). ""Living in Oblivion"" . Games.Net. Archived from the original on March 12, 2007 . Retrieved August 15, 2013 . ↑ Hammond, Alex (March 25, 2005). ""The Elder Scrolls IV: Oblivion Interview"" . Gameplay Monthly. Archived from the original on February 12, 2006 . Retrieved August 15, 2013 . ↑ ""Oblivion interview - Gavin Carter of Bethesda"" . Elite Bastards. October 20, 2005. Archived from the original on June 9, 2007 . Retrieved June 1, 2007 . ↑ dela Fuente, Derek (July 20, 2005). ""Elder Scrolls IV: Oblivion - Q&A"" . TVG. Archived from the original on February 22, 2008 . Retrieved June 2, 2007 . ↑ ""The Elder Scrolls IV: Oblivion Interview with Gavin Carter"" . RPGamer. Archived from the original on September 30, 2007 . Retrieved June 17, 2007 . ↑ Berry, Noah. ""A Brief History of Cyrodiil"" . Bethesda Softworks . Archived from the original on May 9, 2007 . Retrieved June 2, 2007 . ↑ ""PS3 Oblivion Shelved Till Next Year"" . 1Up.com . Archived from the original on October 26, 2012. ↑ IGN (March 27, 2007). ""The Elder Scrolls IV: The Shivering Isles"" . IGN . ↑ Tom Branwell (August 16, 2010). ""Bethesda's Todd Howard (interview)"" . www.eurogamer.net . Eurogamer . Archived from the original on February 3, 2013. ↑ Wesley Yin-Poole (November 23, 2010). ""Rumour: Elder Scrolls 5 in the works"" . www.eurogamer.net . Eurogamer . Archived from the original on November 26, 2010. ↑ Kristian West (November 22, 2010). ""The Elder Scrolls V på vej"" . www.eurogamer.dk (in Danish). Eurogamer . Archived from the original on November 26, 2010. ↑ David Hughes (December 12, 2010). ""Bethesda unveils Elder Scrolls V, confirms direct sequel to Oblivion"" . www.huliq.com . Archived from the original on April 11, 2013. ↑ ""PC Game of the Year"" . IGN . December 18, 2011. Archived from the original on January 8, 2012. ↑ ""2011 Spike Video Game Awards: Complete Winners List"" . Game Rant . December 11, 2011. Archived from the original on January 26, 2013. ↑ ""The Elder Scrolls V: Skyrim – Dragonborn on Steam"" . Archived from the original on March 22, 2015. ↑ Coppock, Mark (December 6, 2016). ""Now you can play pinball versions of Doom, Fallout, and Elder Scrolls"" . DigitalTrends . Retrieved November 24, 2018 . ↑ Fahey, Mike (August 17, 2017). ""Pinball FX 3 Is All About Cross-Platform Competition"" . Kotaku . Retrieved August 17, 2017 . ↑ BarbieBobomb (December 6, 2016). ""Bethesda and Zen Studios Team Up for an Epic Pinball Pack"" . Zen Studios . Archived from the original on January 17, 2021 . Retrieved November 24, 2018 . ↑ ""The Elder Scrolls V: Skyrim VR"" . PlayStation . ↑ Hall, Charlie (June 11, 2018). ""How to play Skyrim for Alexa on your iPhone or Android device"" . Polygon . ↑ Wood, Austin (June 28, 2021). ""Super Smash Bros. Ultimate quietly adds Skyrim's Dragonborn to tomorrow's big update"" . Games Radar . Retrieved August 26, 2021 . ↑ Dyer, Mitch (December 11, 2013). ""The Elder Scrolls Online PC and Mac, Xbox One, and PS4 Release Dates Announced - IGN"" . IGN . Retrieved December 11, 2013 . ↑ Stephany Nunneley (January 21, 2015). ""The Elder Scrolls Online drops subs, console release date announced"" . VG247 . Archived from the original on January 21, 2015 . Retrieved January 21, 2015 . ↑ ""The Elder Scrolls Online: Tamriel Unlimited FAQ"" . The Elder Scrolls Online . ZeniMax. January 21, 2015 . Retrieved January 21, 2015 . ↑ Grayson, Nathan. ""The Elder Scrolls Blades Announced For Phones"" . Kotaku . Retrieved June 11, 2018 . ↑ ""The next Elder Scrolls game is a beautiful mobile RPG named Blades"" . The Verge . Retrieved June 11, 2018 . ↑ Hall, Charlie (November 29, 2018). ""Bethesda delays The Elder Scrolls: Blades into 2019"" . Polygon . ↑ ""The Elder Scrolls: Blades Review | Switch Player"" . May 21, 2020 . Retrieved October 27, 2022 . ↑ Zwiezen, Zack (September 29, 2023). ""Surprise, Bethesda Just Released A New Elder Scrolls Game"" . Kotaku . G/O Media . Retrieved September 29, 2023 . ↑ The Elder Scrolls VI – Official Announcement Teaser , June 10, 2018 , retrieved September 1, 2023 ↑ ""Todd Howard Seems To Think Bethesda Announced The Elder Scrolls VI Too Early"" . Kotaku . August 24, 2023 . Retrieved September 1, 2023 . ↑ Tassi, Paul (August 18, 2022). ""Xbox's Phil Spencer Indicates Whether 'Elder Scrolls 6' Or 'Fable 4' Will Be Out First"" . Forbes . ↑ Tassi, Paul (September 18, 2023). ""New Reveal Shows 'Elder Scrolls 6' Will Be Xbox Exclusive, Has 2026+ Release Date"" . Forbes . Retrieved May 8, 2025 . ↑ Warren, Tom (March 9, 2021). ""Microsoft completes Bethesda acquisition, promises some Xbox and PC exclusives"" . The Verge . Retrieved May 6, 2025 . ↑ ""Todd Howard on 10 years of Fallout 4 and The Elder Scrolls 6: 'We needed a creative reset' "" . GQ . November 10, 2025 . Retrieved November 19, 2025 . ↑ Higham, Michael (March 17, 2026). ""Todd Howard Talks Elder Scrolls 6 Progress, Starfield's PS5 Port, and Bethesda's Future – IGN Interview"" . IGN . Retrieved March 19, 2026 . ↑ Rose, Alan (November 3, 2006). ""Neverwinter Nights 2, Metareview"" . Joystiq. Archived from the original on November 5, 2006. ↑ ""Arena, Behind the Scenes"" . The Elder Scrolls Tenth Anniversary . Bethesda Softworks . 2004. Archived from the original on December 11, 2007. ↑ (1996) Bethesda Softworks Daggerfall Instruction Manual Bethesda Softworks, 1–2. ↑ Hurley, Mary Kate (2019). American/Medieval Goes North: Earth and Water in Transit . Vandenhoeck & Ruprecht . ISBN 9783847009528 . ↑ Chan, Khee Hoon (November 26, 2019). ""The battle to control what's fact and fiction in The Elder Scrolls' lore"" . PC Gamer . Retrieved December 31, 2019 . 1 2 Kane, Alex (March 27, 2019). ""Morrowind: An oral history"" . Polygon . Retrieved January 1, 2020 . ↑ ""The Elder Scrolls Crazy Lore Breaks All The Traditional Fantasy Rules - Here's How"" . ScreenRant . March 14, 2020 . Retrieved May 30, 2021 . ↑ Peterson, Ted (April 19, 2019). ""The Elder Scrolls at 25: How I Created Bethesda's Legendary RPG Series"" . The Escapist . Retrieved November 16, 2020 . ↑ Anthony, Jason (2014). ""Dreidels to Dante's Inferno"" . Playing with Religion in Digital Games . Indiana University Press . p. 40. ISBN 978-0-253-01263-0 . ↑ Macgregor, Jody (August 27, 2018). ""Major events in the Elder Scrolls timeline"" . PC Gamer . Retrieved January 1, 2020 . ↑ Everett, Larry (November 1, 2013). ""Tamriel Infinium: What you need to know about Daedra in The Elder Scrolls Online"" . Engadget . Retrieved November 16, 2020 . ↑ Burgar, Charles (March 12, 2020). ""The Elder Scrolls: 15 Crazy Facts You Didn't Know About The Franchise"" . TheGamer.com . Retrieved November 26, 2020 . ↑ Miller, Matt (December 26, 2010). ""Decrypting The Elder Scrolls"" . Game Informer . Retrieved January 1, 2020 . {{ cite magazine }} :  CS1 maint: deprecated archival service ( link ) ↑ Tapsell, Chris (June 4, 2019). ""Elder Scrolls 6 location predictions - where we think the new Elder Scrolls is set and everything else we know"" . Eurogamer . Retrieved January 1, 2020 . ↑ ""The Elder Scrolls: The Races of Tamriel"" . CBR . November 15, 2020 . Retrieved May 30, 2021 . ↑ Bethesda Game Studios (April 30, 2007). The Elder Scrolls IV: Oblivion (1.2.0416 ed.). Bethesda Softworks, 2K Games. ↑ Bethesda Game Studios. The Elder Scrolls V: Skyrim . Bethesda Softworks. ↑ Bethesda Game Studios. The Elder Scrolls V: Dawnguard . Bethesda Softworks. ↑ Skrebels, Joe (June 13, 2016). ""E3 2016: Bethesda Is Working on The Elder Scrolls 6"" . IGN . IGN Entertainment . Retrieved June 13, 2017 . ↑ Brown, Fraser (June 13, 2017). ""The Elder Scrolls 6 isn't in development"" . PC Gamer . Future US . Archived from the original on June 13, 2017 . Retrieved June 13, 2017 . ↑ ""Bethesda announces The Elder Scrolls 6"" . Eurogamer.net . Retrieved June 11, 2018 . ↑ Jun 12, Wesley (June 12, 2023). ""Elder Scrolls 6: Todd Howard Admits Upcoming Sequel Could Be His Last Elder Scrolls"" . IGN . {{ cite web }} :  CS1 maint: numeric names: authors list ( link ) ↑ published, Ali Jones (March 25, 2024). "" ""Early builds"" of The Elder Scrolls 6 are being played at Bethesda, offering the same ""joy, excitement, and promise of adventure"" as the rest of the series' 30-year history"" . GamesRadar+ . Retrieved March 22, 2026 . ↑ published, Josh West (March 17, 2026). ""Everything Todd Howard told us about The Elder Scrolls 6, Creation Engine 3, and the future of Bethesda RPGs: ""Everyone at the studio has a responsibility to make sure our games are as good as they can be"" "" . GamesRadar+ . Retrieved March 22, 2026 . ↑ ""The Elder Scrolls: Arena Reviews"" . GameRankings . Archived from the original on January 9, 2015 . Retrieved February 6, 2015 . ↑ ""The Elder Scrolls II: Daggerfall Reviews"" . GameRankings . Archived from the original on January 9, 2015 . Retrieved February 6, 2015 . ↑ ""An Elder Scrolls Legend: Battlespire Reviews"" . GameRankings . Archived from the original on January 10, 2015 . Retrieved February 6, 2015 . ↑ ""The Elder Scrolls Adventures: Redguard Reviews"" . GameRankings . Archived from the original on January 10, 2015 . Retrieved February 6, 2015 . ↑ ""The Elder Scrolls III: Morrowind Reviews"" . GameRankings . Archived from the original on January 9, 2015 . Retrieved February 6, 2015 . ↑ ""The Elder Scrolls III: Morrowind Reviews"" . GameRankings . Archived from the original on October 12, 2014 . Retrieved February 6, 2015 . ↑ ""The Elder Scrolls III: Morrowind Reviews"" . Metacritic . Archived from the original on February 23, 2015 . Retrieved February 6, 2015 . ↑ ""The Elder Scrolls III: Morrowind Reviews"" . Metacritic . Archived from the original on February 26, 2015 . Retrieved February 6, 2015 . ↑ ""The Elder Scrolls III: Tribunal Reviews"" . GameRankings . Archived from the original on February 7, 2015 . Retrieved February 6, 2015 . ↑ ""The Elder Scrolls III: Tribunal Reviews"" . Metacritic . Archived from the original on January 18, 2015 . Retrieved February 6, 2015 . ↑ ""The Elder Scrolls III: Bloodmoon Reviews"" . GameRankings . Archived from the original on February 7, 2015 . Retrieved February 6, 2015 . ↑ ""The Elder Scrolls III: Bloodmoon Reviews"" . Metacritic . Archived from the original on February 21, 2015 . Retrieved February 6, 2015 . ↑ ""The Elder Scrolls Travels: Shadowkey"" . GameRankings . Archived from the original on February 3, 2017 . Retrieved February 3, 2017 . ↑ ""The Elder Scrolls IV: Oblivion Reviews"" . GameRankings . Archived from the original on December 3, 2014 . Retrieved February 6, 2015 . ↑ ""The Elder Scrolls IV: Oblivion Reviews"" . GameRankings . Archived from the original on December 3, 2014 . Retrieved February 6, 2015 . ↑ ""The Elder Scrolls IV: Oblivion Reviews"" . GameRankings . Archived from the original on January 7, 2015 . Retrieved February 6, 2015 . ↑ ""The Elder Scrolls IV: Oblivion Reviews"" . Metacritic . Archived from the original on January 29, 2015 . Retrieved February 6, 2015 . ↑ ""The Elder Scrolls IV: Oblivion Reviews"" . Metacritic . Archived from the original on February 3, 2015 . Retrieved February 6, 2015 . ↑ ""The Elder Scrolls IV: Oblivion Reviews"" . Metacritic . Archived from the original on February 3, 2015 . Retrieved February 6, 2015 . ↑ ""The Elder Scrolls IV: Knights of the Nine Reviews"" . GameRankings . Archived from the original on February 7, 2015 . Retrieved February 6, 2015 . ↑ ""The Elder Scrolls IV: Knights of the Nine Reviews"" . Metacritic . Archived from the original on June 22, 2015 . Retrieved February 6, 2015 . ↑ ""The Elder Scrolls IV: Shivering Isles Reviews"" . GameRankings . Archived from the original on February 7, 2015 . Retrieved February 6, 2015 . ↑ ""The Elder Scrolls IV: Shivering Isles Reviews"" . GameRankings . Archived from the original on February 7, 2015 . Retrieved February 6, 2015 . ↑ ""The Elder Scrolls IV: Shivering Isles Reviews"" . Metacritic . Archived from the original on June 1, 2015 . Retrieved February 6, 2015 . ↑ ""The Elder Scrolls IV: Shivering Isles Reviews"" . Metacritic . Archived from the original on June 22, 2015 . Retrieved February 6, 2015 . ↑ ""The Elder Scrolls V: Skyrim Reviews"" . GameRankings . Archived from the original on February 7, 2015 . Retrieved February 6, 2015 . ↑ ""The Elder Scrolls V: Skyrim Reviews"" . GameRankings . Archived from the original on February 3, 2015 . Retrieved February 6, 2015 . ↑ ""The Elder Scrolls V: Skyrim Reviews"" . GameRankings . Archived from the original on February 21, 2015 . Retrieved February 6, 2015 . ↑ ""The Elder Scrolls V: Skyrim Reviews"" . Metacritic . Archived from the original on July 10, 2017 . Retrieved February 6, 2015 . ↑ ""The Elder Scrolls V: Skyrim Reviews"" . Metacritic . Archived from the original on February 8, 2015 . Retrieved February 6, 2015 . ↑ ""The Elder Scrolls V: Skyrim Reviews"" . Metacritic . Archived from the original on February 10, 2015 . Retrieved February 6, 2015 . ↑ ""The Elder Scrolls V: Skyrim – Dawnguard Reviews"" . GameRankings . Archived from the original on February 7, 2015 . Retrieved February 6, 2015 . ↑ ""The Elder Scrolls V: Skyrim – Dawnguard Reviews"" . GameRankings . Archived from the original on February 7, 2015 . Retrieved February 6, 2015 . ↑ ""The Elder Scrolls V: Skyrim – Dawnguard Reviews"" . GameRankings . Archived from the original on February 7, 2015 . Retrieved February 6, 2015 . ↑ ""The Elder Scrolls V: Skyrim – Dawnguard Reviews"" . Metacritic . Archived from the original on February 24, 2015 . Retrieved February 6, 2015 . ↑ ""The Elder Scrolls V: Skyrim – Dawnguard Reviews"" . Metacritic . Archived from the original on June 6, 2017 . Retrieved February 6, 2015 . ↑ ""The Elder Scrolls V: Skyrim – Dawnguard Reviews"" . Metacritic . Archived from the original on March 3, 2015 . Retrieved February 6, 2015 . ↑ ""The Elder Scrolls V: Skyrim – Hearthfire Reviews"" . GameRankings . Archived from the original on February 7, 2015 . Retrieved February 6, 2015 . ↑ ""The Elder Scrolls V: Skyrim – Hearthfire Reviews"" . GameRankings . Archived from the original on February 7, 2015 . Retrieved February 6, 2015 . ↑ ""The Elder Scrolls V: Skyrim – Hearthfire Reviews"" . Metacritic . Archived from the original on February 25, 2015 . Retrieved February 6, 2015 . ↑ ""The Elder Scrolls V: Skyrim – Hearthfire Reviews"" . Metacritic . Archived from the original on March 30, 2015 . Retrieved February 6, 2015 . ↑ ""The Elder Scrolls V: Skyrim – Dragonborn Reviews"" . GameRankings . Archived from the original on February 7, 2015 . Retrieved February 6, 2015 . ↑ ""The Elder Scrolls V: Skyrim – Dragonborn Reviews"" . GameRankings . Archived from the original on February 7, 2015 . Retrieved February 6, 2015 . ↑ ""The Elder Scrolls V: Skyrim – Dragonborn Reviews"" . GameRankings . Archived from the original on February 7, 2015 . Retrieved February 6, 2015 . ↑ ""The Elder Scrolls V: Skyrim – Dragonborn Reviews"" . Metacritic . Archived from the original on March 20, 2015 . Retrieved February 6, 2015 . ↑ ""The Elder Scrolls V: Skyrim – Dragonborn Reviews"" . Metacritic . Archived from the original on February 17, 2015 . Retrieved February 6, 2015 . ↑ ""The Elder Scrolls V: Skyrim – Dragonborn Reviews"" . Metacritic . Archived from the original on July 14, 2017 . Retrieved February 6, 2015 . ↑ ""The Elder Scrolls Online Reviews"" . GameRankings . Archived from the original on February 15, 2015 . Retrieved February 6, 2015 . ↑ ""The Elder Scrolls Online Reviews"" . Metacritic . Archived from the original on February 8, 2015 . Retrieved February 6, 2015 . ↑ ""The Elder Scrolls: Legends Reviews"" . GameRankings . Archived from the original on June 29, 2017 . Retrieved August 1, 2017 . ↑ ""The Elder Scrolls: Legends Reviews"" . GameRankings . Archived from the original on August 1, 2017 . Retrieved August 1, 2017 . ↑ ""The Elder Scrolls: Legends Reviews"" . Metacritic . Archived from the original on April 14, 2017 . Retrieved August 1, 2017 . ↑ ""The Elder Scrolls: Castles Reviews"" . Metacritic . Archived from the original on January 14, 2025 . Retrieved November 22, 2025 . ↑ ""The Elder Scrolls IV: Oblivion Remastered Reviews"" . Metacritic . Archived from the original on May 23, 2025 . Retrieved November 22, 2025 . ↑ ""The Elder Scrolls IV: Oblivion Remastered Reviews"" . Metacritic . Archived from the original on April 26, 2025 . Retrieved November 22, 2025 . {{ cite web }} :  CS1 maint: bot: original URL status unknown ( link ) ↑ ""The Elder Scrolls IV: Oblivion Remastered Reviews"" . Metacritic . Archived from the original on May 23, 2025 . Retrieved November 22, 2025 . ↑ Elton Jones (September 25, 2012). ""The Elder Scrolls - The 50 Best Video Game Franchises - Complex"" . Complex . Archived from the original on September 28, 2012. ↑ ""Greatest Game Series of the Decade winner: The Elder Scrolls"" . GameSpot. September 30, 2013. Archived from the original on November 18, 2013 . Retrieved November 16, 2013 . ↑ Elder Scrolls voted game series of the decade (September 12, 2013). ""Elder Scrolls voted game series of the decade"" . Attack of the Fanboy. Archived from the original on November 23, 2013 . Retrieved November 16, 2013 . ↑ Sinclair, Brendan (May 3, 2006). ""Oblivion rerated M for Mature"" . GameSpot . Archived from the original on December 24, 2013 . Retrieved September 24, 2006 . ↑ Gilbert, Ben. ""Minecraft studio threatened with suit by Bethesda over 'Scrolls' title"" . Engadget . Verizon Media . Archived from the original on October 28, 2012. ↑ Conditt, Jessica (March 12, 2012). ""Mojang can't use 'Scrolls' in any sequels to 'Scrolls,' lawsuit dictates"" . Engadget . Verizon Media . Retrieved July 2, 2019 . 1 2 Orland, Kyle (May 8, 2019). ""Bethesda's latest Elder Scrolls adventure taken down amid cries of plagiarism"" . Ars Technica . ↑ ""Bethesda Removes Tabletop Adventure Amid Plagiarism Allegations - Plagiarism Today"" . May 9, 2019. ↑ ""Bethesda Pulls Free Elder Scrolls Tabletop RPG That Ripped Off A D&D Module"" . Kotaku . May 8, 2019. External links Official website v t e Arena II: Daggerfall III: Morrowind Tribunal Bloodmoon Tribunal Bloodmoon IV: Oblivion Knights of the Nine Shivering Isles Remastered Knights of the Nine Shivering Isles Remastered V: Skyrim Dawnguard Hearthfire Dragonborn Creation Club Dawnguard Hearthfire Dragonborn Creation Club VI Battlespire Redguard Travels Stormhold Shadowkey Oblivion Stormhold Shadowkey Oblivion Online Legends Blades Castles The Infernal City Lord of Souls Tamriel Rebuilt Nehrim: At Fate's Edge Skyrim modding The Forgotten City Enderal Skyblivion Skywind The Forgotten City Enderal Skyblivion Skywind Todd Howard Julian LeFay Ted Peterson Jeremy Soule Bethesda Softworks Bethesda Game Studios Bethesda Game Studios ZeniMax Online Studios Development of Oblivion The Elder Scrolls V: Skyrim: Original Game Soundtrack "" Dragonborn "" "" Dragonborn "" Arrow in the knee OpenMW The Unofficial Elder Scrolls Pages Category v t e Robert A. Altman Christopher Weaver Bethesda Softworks Arkane Studios Bethesda Game Studios id Software MachineGames ZeniMax Online Studios Alpha Dog Games Arkane Austin Flashpoint Productions Tango Gameworks Roundhouse Studios Commander Keen Dishonored Doom The Elder Scrolls The Evil Within Fallout IHRA Drag Racing Prey Quake Rage Starfield Wolfenstein VIAF MusicBrainz series The Elder Scrolls Action role-playing video games Fantasy video games Microsoft franchises Open-world video games Video game franchises introduced in 1994 Video games about magic (supernatural) Video games adapted into novels Video games set on fictional planets ZeniMax Media franchises Articles with short description Short description is different from Wikidata Wikipedia indefinitely move-protected pages Use mdy dates from January 2017 Short description matches Wikidata Webarchive template wayback links CS1 Danish-language sources (da) CS1 maint: deprecated archival service CS1 maint: numeric names: authors list Articles to be expanded from September 2012 All articles to be expanded CS1 maint: bot: original URL status unknown Commons category link from Wikidata Official website different in Wikidata and Wikipedia"
Elderscrolls RPG,https://en.wikipedia.org/wiki/List_of_The_Elder_Scrolls_video_games,"The Elder Scrolls is an action role-playing open world video game series developed by Bethesda Game Studios and published by Bethesda Softworks . The Elder Scrolls games take place in the fictional world of Nirn, on the continent of Tamriel . The first game, The Elder Scrolls: Arena , was released in 1994. It was intended for players to assume the role of an arena combatant, but development shifted the game into a role-playing game (RPG), beginning a tradition that persists throughout the series' history. [ 1 ] The Elder Scrolls II: Daggerfall was published in 1996, and it featured one of the first true 3D worlds on a large scale, with a game world claimed to be the size of Great Britain . [ 2 ] The Elder Scrolls III: Morrowind , released in 2002, saw a return to the old-style expansive and non-linear gameplay, and a shift towards individually detailed landscapes, with a smaller game world than past titles. [ 3 ] The game sold over four million units by mid-2005. [ 4 ] Two expansions were released between 2002 and 2003: Tribunal and Bloodmoon . Development of The Elder Scrolls IV: Oblivion began in 2002, and focused on artificial intelligence improvements that interact dynamically with the game world. [ 5 ] Released in 2006, the game achieved commercial success and critical acclaim; expansion packs Knights of the Nine and Shivering Isles were released for the game. The Elder Scrolls V: Skyrim followed in November 2011 to critical acclaim. The game is not a direct sequel to its predecessor, Oblivion , but instead takes place 200 years later, in Tamriel's land of Skyrim. Three expansion sets, Dawnguard , Dragonborn and Hearthfire , have been released. The Elder Scrolls Online , a massively multiplayer role-playing video game developed by ZeniMax Online Studios , was announced on May 3, 2012. [ 6 ] The game is the first open-ended multiplayer installment of the franchise, and most of the continent of Tamriel is playable in the game. The Elder Scrolls Online had been in development for 5 years prior to its announcement and was released on April 4, 2014. [ 6 ] Video games Main games Genre: Action role-playing Publisher: Bethesda Softworks Release date: March 25, 1994 Genre: Action role-playing Publisher: Bethesda Softworks Release date: September 20, 1996 [ 9 ] Genre: Action role-playing Publishers: Bethesda Softworks Ubisoft (Europe) Bethesda Softworks Ubisoft (Europe) Release dates: Windows: May 2, 2002 Xbox: June 6, 2002 Windows: May 2, 2002 Xbox: June 6, 2002 Genre: Action role-playing Publishers: 2K Games (Windows, Xbox 360) Bethesda Softworks (PlayStation 3) Vir2L Studios (Mobile) 2K Games (Windows, Xbox 360) Bethesda Softworks (PlayStation 3) Vir2L Studios (Mobile) Release dates: Mobile: May 2, 2006 PlayStation 3: March 20, 2007 Windows: March 20, 2006 Xbox 360: March 20, 2006 Mobile: May 2, 2006 PlayStation 3: March 20, 2007 Windows: March 20, 2006 Xbox 360: March 20, 2006 Genre: Action role-playing Publisher: Bethesda Softworks Release dates: Windows: November 11, 2011 Xbox 360: November 11, 2011 PlayStation 3: November 11, 2011 Windows: November 11, 2011 Xbox 360: November 11, 2011 PlayStation 3: November 11, 2011 Special Edition Playstation 4: October 26, 2016 Xbox One: October 26, 2016 Nintendo Switch: November 17, 2017 PlayStation VR: November 17, 2017 Playstation 4: October 26, 2016 Xbox One: October 26, 2016 Nintendo Switch: November 17, 2017 PlayStation VR: November 17, 2017 Anniversary Edition PlayStation 5: November 11, 2021 Xbox Series X and Series S: November 11, 2021 PlayStation 5: November 11, 2021 Xbox Series X and Series S: November 11, 2021 Genre: Unknown (Presumably action role-playing) Publisher: Bethesda Softworks Xbox Game Studios Bethesda Softworks Xbox Game Studios Release date: TBA Expansions and other games Genre: Action role-playing Publisher: Bethesda Softworks Release date: November 30, 1997 Genre: Action role-playing Publisher: Bethesda Softworks Release date: October 31, 1998 Genre: Action role-playing Publisher: Bethesda Softworks Release date: November 8, 2002 Genre: Action role-playing Publisher: Bethesda Softworks Release date: August 1, 2003 Genre: Action role-playing Publisher: Bethesda Softworks Release date: June 4, 2003 Genre: Action role-playing Publisher: Bethesda Softworks Release date: 2004 Genre: Action role-playing Publishers: Vir2L Studios TKO Software Vir2L Studios TKO Software Release date: November 11, 2004 Genre: Action role-playing Publishers: Bethesda Softworks ZeniMax Media Bethesda Softworks ZeniMax Media Release date: May 2, 2006 Genre: Action role-playing Publishers: Bethesda Softworks Ubisoft (Europe) Bethesda Softworks Ubisoft (Europe) Release date: November 21, 2006 Genre: Action role-playing Publishers: Bethesda Softworks 2K Games Bethesda Softworks 2K Games Release dates: PlayStation 3: December 8, 2007 Windows: March 26, 2007 Xbox 360 (digital): March 26, 2007 Xbox 360 (retail): October 16, 2007 PlayStation 3: December 8, 2007 Windows: March 26, 2007 Xbox 360 (digital): March 26, 2007 Xbox 360 (retail): October 16, 2007 Genre: Action role-playing Publisher: Bethesda Softworks Release dates: PlayStation 3: February 26, 2013 PlayStation 4: November 21, 2016 Windows: August 2, 2012 Xbox 360: June 26, 2012 PlayStation 3: February 26, 2013 PlayStation 4: November 21, 2016 Windows: August 2, 2012 Xbox 360: June 26, 2012 Genre: Action role-playing Publisher: Bethesda Softworks Release dates: PlayStation 3: February 19, 2013 PlayStation 4: November 21, 2016 Windows: October 5, 2012 Xbox 360: September 4, 2012 PlayStation 3: February 19, 2013 PlayStation 4: November 21, 2016 Windows: October 5, 2012 Xbox 360: September 4, 2012 Genre: Action role-playing Publisher: Bethesda Softworks Release dates: PlayStation 3: February 12, 2013 PlayStation 4: November 21, 2016 Windows: February 5, 2013 Xbox 360: December 4, 2012 PlayStation 3: February 12, 2013 PlayStation 4: November 21, 2016 Windows: February 5, 2013 Xbox 360: December 4, 2012 Genre: Action role-playing Publisher: Bethesda Softworks Release date: Windows, OS X: April 4, 2014 PlayStation 4, Xbox One: June 9, 2015 Windows, OS X: April 4, 2014 PlayStation 4, Xbox One: June 9, 2015 Genre: Collectible card Publisher: Bethesda Softworks Release date: Windows: March 9, 2017 macOS: May 31, 2017 iOS, Android: July 27, 2017 Windows: March 9, 2017 macOS: May 31, 2017 iOS, Android: July 27, 2017 Genre: Action role-playing Publisher: Bethesda Softworks Release date: Android, iOS: May 12, 2020 Nintendo Switch: May 14, 2020 Android, iOS: May 12, 2020 Nintendo Switch: May 14, 2020 Genre: Construction and management simulation Publisher: Bethesda Softworks Release date: Android: September 28, 2023 (early access) Android, iOS: September 10, 2024 [ 28 ] Android: September 28, 2023 (early access) Android, iOS: September 10, 2024 [ 28 ] Genre: Action role-playing Publisher: Bethesda Softworks Release date: Windows, Xbox Series X/S, PlayStation 5: April 22, 2025 Windows, Xbox Series X/S, PlayStation 5: April 22, 2025 Notes ↑ The mobile version of The Elder Scrolls IV: Oblivion was developed by Superscape . [ 11 ] 1 2 Tribunal and Bloodmoon are both included in the Xbox version of The Elder Scrolls III: Morrowind – Game of the Year Edition . ↑ The Elder Scrolls Travels: Shadowkey was developed by Vir2L Studios and TKO Software. [ 20 ] ↑ The Xbox 360 version of The Elder Scrolls IV: Knights of the Nine is only available through Xbox Live Marketplace , or through the Xbox version of The Elder Scrolls IV: Oblivion – Game of the Year Edition . [ 23 ] 1 2 The Elder Scrolls Online is developed by ZeniMax Online Studios . [ 6 ] References ↑ ""Arena – Behind the Scenes"" . Bethesda Softworks ( ZeniMax Media ). 2004. Archived from the original on May 9, 2007 . Retrieved June 8, 2007 . ↑ ""Daggerfall – Behind the Scenes"" . Bethesda Softworks ( ZeniMax Media ). Archived from the original on May 18, 2008 . Retrieved July 5, 2010 . ↑ ""Morrowind, Behind the Scenes"" . Bethesda Softworks ( ZeniMax Media ). 2004. Archived from the original on November 14, 2006 . Retrieved November 22, 2006 . ↑ ""Lynda Carter Joins the Voice Cast of The Elder Scrolls IV: Oblivion"" (Press release). ZeniMax Media . August 17, 2005. Archived from the original on October 25, 2010. ↑ Houghton, Mat. ""Developers Corner: The Elder Scrolls IV: Oblivion"" . Game Chronicles. Archived from the original on August 21, 2007 . Retrieved August 11, 2007 . 1 2 3 4 The Elder Scrolls Online : ""June Cover Revealed: The Elder Scrolls Online"" . Game Informer . GameStop Corporation. May 3, 2012. Retrieved May 3, 2012. Sliva, Marty (June 10, 2013). ""E3 2013: Elder Scrolls Online Coming to PS4, Xbox One"" . IGN . News Corporation . Retrieved June 29, 2013 . ""June Cover Revealed: The Elder Scrolls Online"" . Game Informer . GameStop Corporation. May 3, 2012. Retrieved May 3, 2012. Sliva, Marty (June 10, 2013). ""E3 2013: Elder Scrolls Online Coming to PS4, Xbox One"" . IGN . News Corporation . Retrieved June 29, 2013 . ↑ The Elder Scrolls: Arena Ramsay, Morgan (2012). Gamers at Work: Stories Behind the Games People Play . Apress. p. 75. ISBN 9781430233510 . Retrieved December 11, 2012 . House, Michael L. ""The Elder Scrolls: Arena"" . Allgame . Rovi Corporation . Archived from the original on December 10, 2014 . Retrieved December 11, 2012 . Ramsay, Morgan (2012). Gamers at Work: Stories Behind the Games People Play . Apress. p. 75. ISBN 9781430233510 . Retrieved December 11, 2012 . House, Michael L. ""The Elder Scrolls: Arena"" . Allgame . Rovi Corporation . Archived from the original on December 10, 2014 . Retrieved December 11, 2012 . ↑ The Elder Scrolls II: Daggerfall Guinness World Records Gamer's Edition . Guinness World Records. 2008. p. 162. ISBN 9781904994213 . Retrieved December 11, 2012 . House, Michael L. ""The Elder Scrolls: Chapter 2 -- Daggerfall"" . Allgame . Rovi Corporation. Archived from the original on December 10, 2014 . Retrieved December 11, 2012 . Guinness World Records Gamer's Edition . Guinness World Records. 2008. p. 162. ISBN 9781904994213 . Retrieved December 11, 2012 . House, Michael L. ""The Elder Scrolls: Chapter 2 -- Daggerfall"" . Allgame . Rovi Corporation. Archived from the original on December 10, 2014 . Retrieved December 11, 2012 . ↑ ""Bethesda Softworks Announces the Release of The Elder Scrolls: Daggerfall"" . PR Newswire . September 27, 1996. Archived from the original on July 21, 2024 . Retrieved August 20, 2024 – via Gale Research . ↑ The Elder Scrolls III: Morrowind Windows : Marriott, Scott Alan. ""The Elder Scrolls III: Morrowind (Windows)"" . Allgame . Rovi Corporation. Archived from the original on November 14, 2014 . Retrieved December 11, 2012 . Xbox : Frankle, Gavin. ""The Elder Scrolls III: Morrowind (Xbox)"" . Allgame . Rovi Corporation. Archived from the original on December 10, 2014 . Retrieved December 11, 2012 . Windows : Marriott, Scott Alan. ""The Elder Scrolls III: Morrowind (Windows)"" . Allgame . Rovi Corporation. Archived from the original on November 14, 2014 . Retrieved December 11, 2012 . Xbox : Frankle, Gavin. ""The Elder Scrolls III: Morrowind (Xbox)"" . Allgame . Rovi Corporation. Archived from the original on December 10, 2014 . Retrieved December 11, 2012 . 1 2 The Elder Scrolls IV: Oblivion Olafson, Peter (2006). Elder Scrolls IV: The Oblivion . Prima Games. p. 430. ISBN 9780761555483 . Retrieved December 11, 2012 . Windows : All Game Guide. ""The Elder Scrolls IV: Oblivion (Windows)"" . Allgame . Rovi Corporation. Archived from the original on December 10, 2014 . Retrieved December 11, 2012 . Xbox 360 : All Game Guide. ""The Elder Scrolls IV: Oblivion (X360)"" . Allgame . Rovi Corporation. Archived from the original on December 10, 2014 . Retrieved December 11, 2012 . PlayStation 3 : Deci, T. J. ""The Elder Scrolls IV: Oblivion (PS3)"" . Allgame . Rovi Corporation. Archived from the original on December 10, 2014 . Retrieved December 11, 2012 . Mobile : ""The Elder Scrolls(R) IV: Oblivion Mobile Game and Jaws 3D Launch on Rogers Network"" . PR Newswire. Archived from the original on December 11, 2012 . Retrieved December 11, 2012 . Olafson, Peter (2006). Elder Scrolls IV: The Oblivion . Prima Games. p. 430. ISBN 9780761555483 . Retrieved December 11, 2012 . Windows : All Game Guide. ""The Elder Scrolls IV: Oblivion (Windows)"" . Allgame . Rovi Corporation. Archived from the original on December 10, 2014 . Retrieved December 11, 2012 . Xbox 360 : All Game Guide. ""The Elder Scrolls IV: Oblivion (X360)"" . Allgame . Rovi Corporation. Archived from the original on December 10, 2014 . Retrieved December 11, 2012 . PlayStation 3 : Deci, T. J. ""The Elder Scrolls IV: Oblivion (PS3)"" . Allgame . Rovi Corporation. Archived from the original on December 10, 2014 . Retrieved December 11, 2012 . Mobile : ""The Elder Scrolls(R) IV: Oblivion Mobile Game and Jaws 3D Launch on Rogers Network"" . PR Newswire. Archived from the original on December 11, 2012 . Retrieved December 11, 2012 . ↑ The Elder Scrolls V: Skyrim : Windows : Marriott, Scott Alan. ""The Elder Scrolls V: Skyrim (Windows)"" . Allgame . Rovi Corporation. Archived from the original on December 10, 2014 . Retrieved December 11, 2012 . Xbox 360 : Marriott, Scott Alan. ""The Elder Scrolls V: Skyrim (X360)"" . Allgame . Rovi Corporation. Archived from the original on December 10, 2014 . Retrieved December 11, 2012 . Playstation 3 : Marriott, Scott Alan. ""The Elder Scrolls V: Skyrim (PS3)"" . Allgame . Rovi Corporation. Archived from the original on December 10, 2014 . Retrieved December 11, 2012 . Windows : Marriott, Scott Alan. ""The Elder Scrolls V: Skyrim (Windows)"" . Allgame . Rovi Corporation. Archived from the original on December 10, 2014 . Retrieved December 11, 2012 . Xbox 360 : Marriott, Scott Alan. ""The Elder Scrolls V: Skyrim (X360)"" . Allgame . Rovi Corporation. Archived from the original on December 10, 2014 . Retrieved December 11, 2012 . Playstation 3 : Marriott, Scott Alan. ""The Elder Scrolls V: Skyrim (PS3)"" . Allgame . Rovi Corporation. Archived from the original on December 10, 2014 . Retrieved December 11, 2012 . ↑ The Elder Scrolls VI ""Official Teaser Trailer"" . YouTube . 10 June 2018. ""Official Teaser Trailer"" . YouTube . 10 June 2018. ↑ An Elder Scrolls Legend: Battlespire : ""Battlespire (PC)"" . MeriStation . Grupo Prisa . Retrieved December 14, 2012 . [ dead link ] ""Battlespire (PC)"" . MeriStation . Grupo Prisa . Retrieved December 14, 2012 . [ dead link ] ↑ The Elder Scrolls Adventures: Redguard : ""The Elder Scrolls Adventures: Redguard"" . IGN . News Corporation . Retrieved December 15, 2012 . ""The Elder Scrolls Adventures: Redguard"" . IGN . News Corporation . Retrieved December 15, 2012 . ↑ The Elder Scrolls III: Tribunal : Marriott, Scott Alan. ""he Elder Scrolls III: Tribunal"" . Allgame . Rovi Corporation. Archived from the original on December 10, 2014 . Retrieved December 15, 2012 . Marriott, Scott Alan. ""he Elder Scrolls III: Tribunal"" . Allgame . Rovi Corporation. Archived from the original on December 10, 2014 . Retrieved December 15, 2012 . ↑ The Elder Scrolls Travels: Stormhold : ""The Elder Scrolls Travels: Stormhold"" . Allgame . Rovi Corporation. Archived from the original on December 10, 2014 . Retrieved December 15, 2012 . ""The Elder Scrolls Travels: Stormhold"" . Allgame . Rovi Corporation. Archived from the original on December 10, 2014 . Retrieved December 15, 2012 . ↑ The Elder Scrolls III: Bloodmoon : Hoogland, Mark. ""The Elder Scrolls III: Bloodmoon"" . Allgame . Rovi Corporation. Archived from the original on December 10, 2014 . Retrieved December 15, 2012 . Hoogland, Mark. ""The Elder Scrolls III: Bloodmoon"" . Allgame . Rovi Corporation. Archived from the original on December 10, 2014 . Retrieved December 15, 2012 . ↑ The Elder Scrolls Travels: Dawnstar : ""The Elder Scrolls Travels: Dawnstar"" . Allgame . Rovi Corporation. Archived from the original on December 10, 2014 . Retrieved December 15, 2012 . ""The Elder Scrolls Travels: Dawnstar"" . Allgame . Rovi Corporation. Archived from the original on December 10, 2014 . Retrieved December 15, 2012 . 1 2 The Elder Scrolls Travels: Shadowkey Art, Albert (December 18, 2012). ""Elder Scrolls Travels: Shadowkey"" . 1UP.com . IGN Entertainment . Archived from the original on August 5, 2011 . Retrieved December 15, 2012 . Art, Albert (December 18, 2012). ""Elder Scrolls Travels: Shadowkey"" . 1UP.com . IGN Entertainment . Archived from the original on August 5, 2011 . Retrieved December 15, 2012 . ↑ The Elder Scrolls Travels: Oblivion Buchanan, Levi (3 May 2006). ""The Elder Scrolls Travels: Oblivion"" . IGN . News Corporation . Retrieved May 3, 2006 . Buchanan, Levi (3 May 2006). ""The Elder Scrolls Travels: Oblivion"" . IGN . News Corporation . Retrieved May 3, 2006 . ↑ The Elder Scrolls IV: Knights of the Nine : All Game Guide. ""The Elder Scrolls IV: Knights of the Nine"" . Allgame . Rovi Corporation. Archived from the original on December 10, 2014 . Retrieved December 15, 2012 . All Game Guide. ""The Elder Scrolls IV: Knights of the Nine"" . Allgame . Rovi Corporation. Archived from the original on December 10, 2014 . Retrieved December 15, 2012 . ↑ Purchese, Rob (November 27, 2006). ""Review - The Elder Scrolls IV: Oblivion - Knights of the Nine"" . Eurogamer . Retrieved August 31, 2007. ↑ The Elder Scrolls IV: Shivering Isles : Windows : Leach, Gracie. ""The Elder Scrolls IV: Shivering Isles (Windows)"" . Allgame . Rovi Corporation. Archived from the original on December 10, 2014 . Retrieved December 15, 2012 . Xbox Live : Leach, Gracie. ""The Elder Scrolls IV: Shivering Isles [ Xbox Live ] "" . Allgame . Rovi Corporation. Archived from the original on December 10, 2014 . Retrieved December 15, 2012 . PlayStation 3 : Leach, Gracie. ""The Elder Scrolls IV: Shivering Isles (PS3) [ Retail Package ] "" . Allgame . Rovi Corporation. Archived from the original on December 10, 2014 . Retrieved December 15, 2012 . Xbox 360 : Leach, Gracie. ""The Elder Scrolls IV: Shivering Isles (X360) [ Retail Package ] "" . Allgame . Rovi Corporation. Archived from the original on December 10, 2014 . Retrieved December 15, 2012 . Windows : Leach, Gracie. ""The Elder Scrolls IV: Shivering Isles (Windows)"" . Allgame . Rovi Corporation. Archived from the original on December 10, 2014 . Retrieved December 15, 2012 . Xbox Live : Leach, Gracie. ""The Elder Scrolls IV: Shivering Isles [ Xbox Live ] "" . Allgame . Rovi Corporation. Archived from the original on December 10, 2014 . Retrieved December 15, 2012 . PlayStation 3 : Leach, Gracie. ""The Elder Scrolls IV: Shivering Isles (PS3) [ Retail Package ] "" . Allgame . Rovi Corporation. Archived from the original on December 10, 2014 . Retrieved December 15, 2012 . Xbox 360 : Leach, Gracie. ""The Elder Scrolls IV: Shivering Isles (X360) [ Retail Package ] "" . Allgame . Rovi Corporation. Archived from the original on December 10, 2014 . Retrieved December 15, 2012 . ↑ The Elder Scrolls V: Skyrim - Dawnguard : Xbox 360 : DuttonfRED (May 1, 2012). ""Skyrim DLC expansion Dawnguard announced Out this Summer, Xbox 360 gets it first"" . Eurogamer . Retrieved December 15, 2012 . Windows : Hafer, T. J. (August 2, 2012). ""Dawnguard released on Steam"" . PC Gamer . Future Publishing Limited . Retrieved 15 December 2012 . Xbox 360 : DuttonfRED (May 1, 2012). ""Skyrim DLC expansion Dawnguard announced Out this Summer, Xbox 360 gets it first"" . Eurogamer . Retrieved December 15, 2012 . Windows : Hafer, T. J. (August 2, 2012). ""Dawnguard released on Steam"" . PC Gamer . Future Publishing Limited . Retrieved 15 December 2012 . ↑ The Elder Scrolls V: Skyrim - Dragonborn : Xbox 360 : Fletcher, JC (November 5, 2012). ""Skyrim 'Dragonborn' DLC out on Xbox 360 Dec. 4"" . Joystiq . AOL Inc. Archived from the original on January 17, 2013 . Retrieved December 15, 2012 . Windows and PlayStation 3 : Karmali, Luke (December 3, 2012). ""Skyrim Dragonborn DLC Hitting PS3 and PC in 2013"" . IGN . News Corporation . Retrieved December 15, 2012 . Xbox 360 : Fletcher, JC (November 5, 2012). ""Skyrim 'Dragonborn' DLC out on Xbox 360 Dec. 4"" . Joystiq . AOL Inc. Archived from the original on January 17, 2013 . Retrieved December 15, 2012 . Windows and PlayStation 3 : Karmali, Luke (December 3, 2012). ""Skyrim Dragonborn DLC Hitting PS3 and PC in 2013"" . IGN . News Corporation . Retrieved December 15, 2012 . ↑ Zwiezen, Zack (29 September 2023). ""Surprise, Bethesda Just Released A New Elder Scrolls Game"" . Kotaku . G/O Media . Retrieved 29 September 2023 . ↑ Blake, Vikki (16 August 2024). ""The Elder Scrolls: Castles mobile game launches next month, pre-registration now open"" . Eurogamer . Gamer Network . Retrieved 17 August 2024 . v t e Arena II: Daggerfall III: Morrowind Tribunal Bloodmoon Tribunal Bloodmoon IV: Oblivion Knights of the Nine Shivering Isles Remastered Knights of the Nine Shivering Isles Remastered V: Skyrim Dawnguard Hearthfire Dragonborn Creation Club Dawnguard Hearthfire Dragonborn Creation Club VI Battlespire Redguard Travels Stormhold Shadowkey Oblivion Stormhold Shadowkey Oblivion Online Legends Blades Castles The Infernal City Lord of Souls Tamriel Rebuilt Nehrim: At Fate's Edge Skyrim modding The Forgotten City Enderal Skyblivion Skywind The Forgotten City Enderal Skyblivion Skywind Todd Howard Julian LeFay Ted Peterson Jeremy Soule Bethesda Softworks Bethesda Game Studios Bethesda Game Studios ZeniMax Online Studios Development of Oblivion The Elder Scrolls V: Skyrim: Original Game Soundtrack "" Dragonborn "" "" Dragonborn "" Arrow in the knee OpenMW The Unofficial Elder Scrolls Pages Category Lists of video games by franchise The Elder Scrolls Articles with short description Short description is different from Wikidata Featured lists All articles with dead external links Articles with dead external links from May 2026"
Elderscrolls RPG,https://elderscrolls.bethesda.net/en,"Now Available on Nintendo Switch™ 2 The Skyrim Anniversary Edition bundles together Skyrim Special Edition with every piece of Creation Club content released at the time of the Anniversary Edition’s launch, including additional quests, armor and gameplay modes. Now Available on Nintendo Switch 2 From Bethesda Game Studios, the award-winning developer behind Skyrim and Fallout Shelter, comes The Elder Scrolls®: Castles – a new mobile game that puts you in control of your very own castle and dynasty. Oversee your subjects as the years come and go, families grow, and new rulers take the throne. Currently in pre-production at Bethesda Game Studios, the acclaimed developers of Skyrim and Fallout 4. The highly-anticipated next chapter in the iconic The Elder Scrolls series. Follow The Elder Scrolls reddit tumblr twitter youtube twitch facebook instagram Latest News The Elder Scrolls IV: Oblivion Remastered Patch 1.1 (Nintendo Switch™ 2) — September 17, 2026 Today's update to The Elder Scrolls IV: Oblivion Remastered on Nintendo Switch 2 contains fixes for multiple crashes and gameplay issues. Crown Store Showcase—September 2026 Returning crates, a new madhouse, and more make up some of September 2026’s Crown Store highlights. ESO’s September 2026 Survival Guide New adventures, challenges, and more await Tamriel’s heroes as Season One heats up in September."
Resident Evil,https://en.wikipedia.org/wiki/Resident_Evil,"Live-action series Animated film list Resident Evil , known as Biohazard ( バイオハザード , Baiohazādo ) in Japan, is a Japanese horror game series and media franchise created by Capcom . It consists of survival horror , third-person shooter and first-person games, with players typically surviving in environments inhabited by zombies and other mutated creatures. The franchise has expanded into media including a live-action film series , animated films, television series, comic books , novels , audio dramas, and merchandise. With over 213 million video game copies sold worldwide as of June 2026 [ update ] , Resident Evil is Capcom's best-selling franchise, [ 1 ] the tenth best-selling video game franchise , the best ‑ selling horror game franchise, and one of the highest-grossing horror media franchises . The first Resident Evil game was created by Shinji Mikami and Tokuro Fujiwara for PlayStation , and was released in 1996. [ 2 ] [ 3 ] It is credited for defining the survival horror genre and returning zombies to popular culture. With Resident Evil 4 (2005), the franchise shifted to more dynamic shooting action, popularizing the now-ubiquitous ""over-the-shoulder"" third-person view in action-adventure games. [ 4 ] [ 5 ] The franchise returned to survival horror with Resident Evil 7: Biohazard (2017) and Resident Evil Village (2021), which both used a first-person perspective . Capcom has also released four Resident Evil remakes : Resident Evil (2002), Resident Evil 2 (2019), Resident Evil 3 (2020) and Resident Evil 4 (2023), with a remake of Resident Evil – Code: Veronica (2000) releasing in 2027. The ninth and most recent main installment, Resident Evil Requiem , was released in 2026. [ 6 ] The first Resident Evil film was released in 2002, starring Milla Jovovich . It was followed by five sequels and two reboots, Welcome to Raccoon City (2021) and Resident Evil (2026). A television series was developed by Netflix and aired for one season in 2022. The films received mostly negative reviews but have grossed more than $1.2 billion, making Resident Evil the third highest-grossing video game film series and the third highest-grossing horror film series . History The development of the first Resident Evil , released as Biohazard in Japan, began in 1993 when Capcom 's Tokuro Fujiwara told Shinji Mikami and other co-workers to create a game using elements from Fujiwara's 1989 game Sweet Home on the Family Computer (Famicom) in Japan. [ 7 ] [ 8 ] When in late 1994 marketing executives were setting up to release Biohazard in the United States, it was pointed out that securing the rights to the name Biohazard would be very difficult as a DOS game had been registered under that name , as well as a New York hardcore punk band called Biohazard . A contest was held among company personnel to choose a new name; this competition turned up Resident Evil , the name under which it was released in the west. [ 9 ] Resident Evil made its debut on the PlayStation in 1996 and was ported to the Sega Saturn . The first entry in the series was the first game to be dubbed a "" survival horror "", a term coined for the new genre it initiated, [ 10 ] and its critical and commercial success [ 11 ] led to the production of two sequels, Resident Evil 2 in 1998 and Resident Evil 3: Nemesis in 1999, both for the PlayStation. A port of Resident Evil 2 was released for the Nintendo 64 . In addition, ports of all three were released for Windows . The next big game in the series, Resident Evil – Code: Veronica , was developed for the Dreamcast and released in 2000, followed by ports of Resident Evil 2 and Resident Evil 3: Nemesis . Resident Evil – Code: Veronica was rereleased for Dreamcast in Japan in an updated form as Code: Veronica Complete , which included slight changes, many of which revolved around story cutscenes. This updated version was ported to the PlayStation 2 and GameCube as Code: Veronica X . Despite earlier announcements that the next game in the series would be released for the PlayStation 2, which resulted in the creation of an unrelated game, Devil May Cry , Mikami decided to make the series exclusively for the GameCube. [ 12 ] The next three games in the series—a remake of the original Resident Evil and the prequel Resident Evil Zero , both released in 2002, as well as Resident Evil 4 (2005)—were all released initially for GameCube. Resident Evil 4 was later released for Windows, PlayStation 2, and Wii . A trilogy of GunCon -compatible light gun games, the Gun Survivor series, featured first-person gameplay. The first, Resident Evil Survivor , was released in 2000 for the PlayStation and PC but received mediocre reviews. [ 13 ] The subsequent games, Resident Evil Survivor 2 – Code: Veronica and Resident Evil: Dead Aim , fared somewhat better. [ 14 ] Dead Aim is the fourth Gun Survivor game in Japan, with Gun Survivor 3 being the Dino Crisis spin-off Dino Stalker . In a similar vein, the Chronicles series features first-person gameplay, albeit on an on-rails path. Resident Evil: The Umbrella Chronicles was released in 2007 for the Wii, with a sequel, Resident Evil: The Darkside Chronicles , released in 2009 (both were ported to the PlayStation 3 in 2012). [ 15 ] Resident Evil Outbreak is an online game for the PlayStation 2, released in 2003, depicting a series of episodic storylines in Raccoon City set during the same period as Resident Evil 2 and Resident Evil 3: Nemesis . It was the first in the series and the first survival horror game to feature cooperative gameplay . [ 16 ] It was followed by a sequel, Resident Evil Outbreak: File #2 . Raccoon City is a metropolis located in the Arklay Mountains of the Midwestern United States that succumbed to the deadly T-virus outbreak and was consequently destroyed via a nuclear missile attack issued by the United States government. The town served as a critical junction for the series' progression as one of the main catalysts to Umbrella 's downfall and the entry point for some of the series' most notable characters. Resident Evil Gaiden is an action-adventure game for the Game Boy Color featuring a role-playing -style combat system. There have been several downloadable mobile games based on the Resident Evil series in Japan. Some of these mobile games have been released in North America and Europe through T-Mobile. At the Sony press conference during E3 2009 , Resident Evil Portable was announced for the PlayStation Portable , [ 17 ] [ 18 ] [ 19 ] described as a new game being developed with ""the PSP Go in mind"" and ""totally different for a Resident Evil game"". No further announcements have been made, and the game is considered to have been canceled. [ 20 ] [ 21 ] In 2009, Resident Evil 5 was released for PlayStation 3 , Windows and Xbox 360 , becoming the best selling game of the franchise despite mixed fan reception. Capcom revealed the third-person shooter Resident Evil: Operation Raccoon City , which was developed by Slant Six Games for the PlayStation 3, Xbox 360 and Windows and released in March 2012. A survival horror game for the Nintendo 3DS , Resident Evil: Revelations , was released in February 2012. [ 22 ] In October of the same year, the next numbered entry in the main series, Resident Evil 6 , was released to mixed reviews, [ 23 ] but enthusiastic pre-order sales. [ 24 ] In 2013, producer Masachika Kawata said the Resident Evil franchise would return to focus on elements of horror and suspense over action, adding that ""survival horror as a genre is never going to be on the same level, financially, as shooters and much more popular, mainstream games. At the same time, I think we need to have the confidence to put money behind these projects, and it doesn't mean we can't focus on what we need to do as a survival horror game to meet fan's needs."" [ 25 ] Resident Evil: Revelations 2 , an episodic game set between Resident Evil 5 and Resident Evil 6 , was released in March 2015. A series of team-based multiplayer games were developed beginning with the poorly received Umbrella Corps , which was released in June 2016. [ 26 ] Resident Evil: Resistance was released in April 2020, followed by Resident Evil Re:Verse in October 2022, with both available for free to those who bought Resident Evil 3 and Village respectively. [ 27 ] [ 28 ] Built on the newly developed RE Engine , the series continued its shift back towards more horror elements. The next main installment, Resident Evil 7: Biohazard , was released for Windows , PlayStation 4 and Xbox One in January 2017. [ 29 ] [ 30 ] Set in a dilapidated mansion in Louisiana , the game uses a first-person perspective and emphasizes horror and exploration over action, unlike previous installments. [ 31 ] [ 32 ] [ 33 ] [ 34 ] The first-person perspective continued in the eighth main installment, Resident Evil Village . Released in May 2021, the game, set in a mysterious European village, is a direct sequel to Resident Evil 7: Biohazard although it incorporates more action elements inspired from Resident Evil 4 . [ 35 ] [ 36 ] The game also marked the franchise's debut on PlayStation 5 and Xbox Series X/S . [ 37 ] The ninth main installment, Resident Evil Requiem , was released in February 2026. [ 38 ] A series of remakes of older entries began in 2019 with a remake of Resident Evil 2 being released for the PlayStation 4, Windows, and Xbox One. The remake outsold the original game within a year, selling over five million copies. [ 39 ] Capcom revealed a remake of Resident Evil 3: Nemesis in December 2019, known as Resident Evil 3 . It was released in April 2020. [ 40 ] A remake of Resident Evil 4 was released on March 24, 2023, for PlayStation 4, PlayStation 5, Xbox Series X/S and Windows. [ 41 ] A remake of Code: Veronica , Resident Evil Veronica , is set for release in 2027. [ 42 ] Resident Evil: Survival Unit , a strategy game by Aniplex Inc. and Joycity Corporation, was released for iOS and Android in November 2025. [ 43 ] Story overview Zero Resident Evil ( 2002 remake ) Resident Evil 2 ( 2019 remake ) 3: Nemesis ( 2020 remake ) Code: Veronica ( Veronica ) Resident Evil 4 ( 2023 remake ) Revelations Degeneration Infinite Darkness Resident Evil 5 Revelations 2 Damnation Resident Evil 6 Vendetta Death Island 7: Biohazard Village Requiem v t e The early Resident Evil games focused on the Umbrella Corporation , an international pharmaceutical company that secretly develops mutagenic viruses to further their ""bio-organic weapons"" (BOW) research. The company's viruses can transform humans into mindless zombies while also mutating plants and animals into horrifying monstrosities. The Umbrella Corporation uses its vast resources to effectively control Raccoon City, a fictional midwestern American city. In the original Resident Evil , members of an elite police task force, Special Tactics and Rescue Service (STARS), are lured to a derelict mansion on the outskirts of Raccoon City. The STARS team is mostly decimated by zombies and other BOWs, leaving only a handful of survivors, including Chris Redfield , Jill Valentine , and Albert Wesker . Chris and Jill explore the zombie-infested mansion and uncover a secret underground Umbrella research facility. Wesker reveals himself to be a double agent for Umbrella and betrays his comrades. However, Wesker is seemingly murdered by a Tyrant, a special BOW that is the culmination of the Umbrella Corporation's research. [ 46 ] [ 47 ] Chris and Jill escape the mansion, but Raccoon City's officials ridicule their testimony due to Umbrella's influence. Meanwhile, a separate viral outbreak occurs in another Umbrella research facility underneath Raccoon City. Most of the city's residents are infected and become zombies. Resident Evil 2 introduces two new protagonists, Leon S. Kennedy , a rookie police officer and Claire Redfield , the younger sister of Chris. Leon and Claire arrive in Raccoon City amidst the chaos of the viral outbreak. Leon is aided by Ada Wong , a spy posing as an FBI agent , while Claire rescues Sherry Birkin , the daughter of two prominent Umbrella researchers. At the same time, Jill makes her escape from the city in Resident Evil 3: Nemesis . A new Tyrant, Nemesis , who Umbrella deploys to eliminate all surviving STARS members, relentlessly pursues her. The U.S. Government destroys Raccoon City with a nuclear missile strike to sterilize the viral outbreak. [ 48 ] Leon, Claire, Sherry, Ada, and Jill escape the city before its eradication. Claire continues to look for Chris, whereas Leon is recruited to work for the U.S. Government. Resident Evil – Code: Veronica follows Claire as she escapes from a prison camp in the Southern Ocean and reunites with Chris at an Umbrella research facility in Antarctica, while Wesker is revealed to be alive. Resident Evil 4 , set six years after the Raccoon City incident, focuses on Leon as he tries to rescue the U.S. President's daughter from a cult in Spain. [ 46 ] [ 47 ] A government investigation into the Umbrella Corporation reveals its involvement in the Raccoon City disaster and leads to the company's dissolution. Despite the downfall of the Umbrella Corporation, its research and BOWs continue to proliferate across the black market, fueling the rise of bioterrorism. Chris and Jill establish the Bioterrorism Security Assessment Alliance (BSAA) to combat these ever-growing threats on a global scale. Wesker is involved in the development of new potent viral agents and BOWs. In Resident Evil 5 ,  Wesker seeks to unleash a highly mutagenic virus that will infect all of humanity. Chris and the BSAA confront and kill Wesker in Africa before he can fulfill his mission. [ 49 ] Resident Evil 6 features Leon and Chris meeting for the first time in the video game series. [ 50 ] The two work separately to triage bioterrorist attacks in the United States, Eastern Europe , and China . They are assisted by Sherry, Wesker's illegitimate son Jake Muller, Ada, and members of the BSAA and the U.S. government. Resident Evil 7: Biohazard and Resident Evil Village introduce a new protagonist, Ethan Winters , who becomes entangled in a bioterrorism incident while searching for his missing wife. He encounters Chris and the BSAA, who help him rescue his wife and defeat Eveline, a powerful BOW. Ethan, Mia, and their newborn daughter, Rosemary, are relocated to Eastern Europe but are abducted by a cult. Ethan ultimately sacrifices himself to destroy a fungal colony being weaponized by bioterrorists and save his family. [ 46 ] [ 47 ] [ 51 ] Resident Evil Requiem introduces a new protagonist, Grace Ashcroft , whose investigation into a syndrome affecting survivors of the Raccoon City incident leads her into the city's ruins to uncover a new conspiracy, aided by Leon and Sherry. [ 52 ] Gameplay The Resident Evil franchise has had a variety of control schemes and gameplay mechanics throughout its history. Puzzle-solving has figured prominently throughout the series. [ 53 ] [ 54 ] Tank controls Early Resident Evil games use ""tank controls"", whereby pressing up on the game controller moves the character in the direction they face, down reverses them, and left and right rotates them. [ 55 ] This differs from many games, in which characters move in the direction players push from the perspective of the camera . [ 55 ] Some critics have posited that the control scheme is intentionally clumsy, meant to enhance stress and exacerbate difficulty. [ 56 ] Mikami felt the use of fixed camera perspectives and tank controls made the game scarier. [ 57 ] Resident Evil 3: Nemesis saw some action-oriented additions. These included a 180 degree turn and dodge command that, according to GameSpot , ""hinted at a new direction that the series would go in"". Later games in the series, like Resident Evil 4 , introduced a more fluid over-the-shoulder third-person camera instead of a fixed camera for each room, while Resident Evil 7 and Resident Evil Village are played from the first-person perspective . Third-person shooter gameplay Resident Evil 4 saw significant changes to the established gameplay, including switching from fixed camera perspectives to a tracking camera , and more action-oriented gameplay and mechanics. This was complemented by an abundance of ammunition and revised aiming and melee mechanics. Some critics claimed that this overhauled control scheme ""made the game less scary."" [ 56 ] The next two games in the franchise furthered the action-oriented mechanics: Resident Evil 5 featured cooperative play and added strafing, while Resident Evil 6 allowed players to move while aiming and shooting for the first time, fully abandoning the series' signature tank controls. [ 56 ] First-person shooter gameplay and VR Resident Evil 7 is the first main Resident Evil game to use the first-person perspective and to use virtual reality . It drew comparisons to modern survival horror games such as Outlast and PT . [ 56 ] The eighth main installment, Resident Evil Village , also features a first-person perspective and included a VR mode added post launch. [ 58 ] A VR version of Resident Evil 4 was released on the Oculus Quest 2 on October 21, 2021. [ 59 ] On December 8, 2023 a free DLC for the remake of Resident Evil 4 was released that added a VR mode using PlayStation VR2 to the PlayStation 5 version of the game. Other media The Resident Evil franchise features video games and tie-in merchandise and products, including various live-action and animated films, comic books, and novels. Films Live-action films From 2002 to 2016, six live-action Resident Evil films were produced, all written and produced by Paul W. S. Anderson . The films do not follow the games' premise but feature some game characters. The series' protagonist is Alice , an original character created for the films portrayed by Milla Jovovich . Despite a negative reaction from critics, the live-action film series has made over $1 billion worldwide. [ 60 ] They are, to date, the only video game adaptations to increase the amount of money made with each successive film. [ 61 ] The series holds the record for the ""Most Live-Action Film Adaptations of a Video Game"" in the 2012 Guinness World Records Gamer's Edition , which also described it as ""the most successful movie series to be based on a video game."" [ 16 ] A reboot, Resident Evil: Welcome to Raccoon City , was released on November 24, 2021, with Johannes Roberts as writer and director. [ 62 ] In January 2025, it was reported that Zach Cregger was writing and directing a film reboot, Resident Evil , co-produced by Constantin Film and PlayStation Productions . [ 63 ] In March 2025, Sony Pictures won a bidding war to secure the rights to the Resident Evil franchise, including its upcoming untitled project, with Columbia Pictures serving as the film's new distributor. Sony has set a release date of September 18, 2026, for the project. [ 64 ] In June 2025, it was reported that the project had registered to film in the Czech Republic . [ 65 ] On August 11, 2025, Austin Abrams was confirmed to star in the film. [ 66 ] Filming is scheduled to begin in Prague in November 2025. Cregger said that he had not seen of the previous Resident Evil films and that his film will be more closely based on the video games, particularly Resident Evil 2 , Resident Evil 3: Nemesis , and Resident Evil 4 . [ 67 ] Animated films The first computer animated film for the franchise was Biohazard 4D-Executer . It was a short 3D film produced for Japanese theme parks and did not feature any characters from the game. [ 68 ] Starting in 2008, a series of feature-length computer-animated films have been released. These films take place in the same continuity as the games and feature characters such as Leon Kennedy , Claire Redfield , Ada Wong , Chris Redfield , Jill Valentine and Rebecca Chambers . [ 69 ] [ 70 ] [ 71 ] Television Resident Evil: Infinite Darkness , a four-part CG anime series, premiered on July 8, 2021, on Netflix . Starring the Resident Evil 2 protagonists Leon S. Kennedy and Claire Redfield, the series features both uncovering a worldwide plot. The series was released on July 8, 2021 [ 72 ] on Netflix . [ 73 ] Resident Evil premiered on July 14, 2022, on Netflix. An eight-episode live-action series, two plotlines set in 2022 and 2036 follow Albert Wesker and his daughters navigating Umbrella's experiments in New Raccoon City. [ 74 ] [ 75 ] Merchandise Over the years, various toy companies have acquired the Resident Evil license, with each producing their own unique line of Resident Evil action figures or models. [ 76 ] These include, but are not limited to, Toy Biz , [ 77 ] [ 78 ] Palisades Toys , NECA , and Hot Toys . Tokyo Marui also produced replicas of the guns used in the Resident Evil series in the form of gas blow-back airsoft guns. Some models included the STARS Beretta featured in Resident Evil 3 , and the Desert Eagle in a limited edition that came with other memorabilia in a wooden case, along with the Gold Lugers from Code: Veronica and the ""Samurai Edge"" pistol from the Resident Evil remake. Other merchandise includes an energy drink called ""T-virus Antidote"". Resident Evil Archives is a reference guide of the Resident Evil series written by staff members of Capcom. It was translated into English and published by BradyGames . The guide describes and summarizes all of the key events that occur in Resident Evil Zero , Resident Evil , Resident Evil 2 , Resident Evil 3: Nemesis , and Code: Veronica . The main plot analysis also contains character relationship charts, artwork, item descriptions, and file transcripts for all five games. A second Archives book was later released in December 2011 and covers Resident Evil 4 , Resident Evil 5 ,  the new scenarios detailed in Resident Evil: The Umbrella Chronicles and Resident Evil: The Darkside Chronicles , and the 2008 CGI movie, Resident Evil: Degeneration . The second Archives volume was also translated by Capcom and published by BradyGames. A Resident Evil theme restaurant called Biohazard Cafe & Grill S.T.A.R.S. opened in Tokyo in 2012. [ 79 ] Halloween Horror Nights 2013, held at Universal Orlando , featured a haunted house titled Resident Evil: Escape from Raccoon City , based on Resident Evil 2 and Resident Evil 3: Nemesis . [ 80 ] Novels The first Resident Evil novel was Hiroyuki Ariga's novella Biohazard: The Beginning , published in 1997 as a portion of the book The True Story of Biohazard , which was given away as a pre-order bonus with the Sega Saturn version of Biohazard . The story serves as a prelude to the original Resident Evil , in which Chris investigates the disappearance of his missing friend, Billy Rabbitson. S. D. Perry has written novelizations of the first five games, as well as two original novels taking place between games. The novels often take liberties with the games' plot by exploring events occurring outside and beyond the games. This often meant that the games would later contradict the books on a few occasions. [ 81 ] One notable addition from the novels is the original character Trent, who often served as a mysterious behind-the-scenes string-puller who aided the main characters. Perry's novels were translated and released in Japan with new cover arts by Wolfina. [ 82 ] Perry's novels, particularly The Umbrella Conspiracy , also alluded to events in Biohazard: The Beginning , such as the disappearance of Billy Rabbitson and Brian Irons' bid to run for Mayor.  A reprinting of Perry's novels with new cover artwork began in 2012 to coincide with the release of Resident Evil: Retribution and its respective novelization. There are a trilogy of original Biohazard novels in Japan. Hokkai no Yōjū ( 北海の妖獣 ; lit. ""The Strange Beast of the North Sea"") was published in 1998 and was written by Kyū Asakura and the staff of Flagship. Two additional novels were published in 2002, To the Liberty by Sudan Kimura and Rose Blank by Tadashi Aizawa. While no official English translation of these novels has been published yet, the last two books were translated into German and published in 2006. Novelizations of the films Genesis , Apocalypse , and Extinction were written by Keith DeCandido . Afterlife did not receive a novelization due to Capcom's decision to discontinue working with Pocket Books , who had been their primary source of publishing books up to that point, Capcom would later make Titan Books their primary publisher going forth. Retribution was written by John Shirley , while The Final Chapter was written by Tim Waggoner . Genesis was published over two years after that film's release and coincided with the publication of Apocalypse , Genesis being marketed as a prequel to Apocalypse , while the Extinction novel was released in late July 2007, two months before the film's release. The Final Chapter was published in December 2016 alongside the film's theatrical release. There was also a Japanese novelization of the first film, unrelated to DeCandido's version, written by Osamu Makino. Makino also wrote two novels based on the game Resident Evil: The Umbrella Chronicles . The books are a two-part direct novelization of the game and are published in Japanese and German only. The first novel, titled Biohazard: The Umbrella Chronicles Side A in Japan and Resident Evil: The Umbrella Chronicles 1 in Germany, was released on December 22, 2007. The second novel, titled Biohazard: The Umbrella Chronicles Side B in Japan and Resident Evil: The Umbrella Chronicles 2 in Germany, was published in January 2008. Comics In 1997, Marvel Comics published a single-issue prologue comic based on the original Resident Evil , released through a promotional giveaway alongside the original PlayStation game. In 1998, WildStorm began producing a monthly comic book series based on the first two games, Resident Evil: The Official Comic Magazine , which lasted five issues. The first four issues were published by Image , while Wildstorm themselves published the fifth and final issue. Each issue was a compilation of short stories that were both adaptations of events from the games and related side stories. Like the Perry novels, the comics also explored events occurring beyond Resident Evil 2 (the latest game during the series' publication) and thus were contradicted by later games. Wildstorm also published a four-issue miniseries, Resident Evil: Fire & Ice , which depicted the ordeal of Charlie Team, a third STARS team created specifically for the comic. In 2009, Wildstorm reprinted Fire & Ice in a trade paperback collection. [ 83 ] In Hong Kong, there has been officially licensed Biohazard manhua adaptations of Biohazard 0 by publisher Yulang Group, Biohazard 2 by Kings Fountain, Biohazard 3 Supplemental Edition by Cao Zhihao and, Biohazard 3 The Last Escape , and Biohazard Code: Veronica by Lee Chung Hing published by Tinhangse Publishing. The Code: Veronica manhua was translated into English, formatted to look like an American comic and distributed by WildStorm as a series of four graphic novel collections. In 2009, Wildstorm began publishing a Resident Evil comic book prequel to Resident Evil 5 , which centers on two original members of the BSAA, Mina Gere and Holiday Sugarman. Written by Ricardo Sanchez and illustrated by Kevin Sharpe and Jim Clark, the first issue was published on March 11, 2009. On November 11, 2009, the third issue was released, and the fourth was released March 24, 2010. The sixth and final book was finally published in February 2011. [ 84 ] Plays In the summer of 2000, Bioroid: Year Zero was performed in Japan. It was a musical horror-comedy but took the perspective of the infected. Super Eccentric Theater put on the production under the direction of Osamu Yagihashi. The stage play was performed from early July to late August. [ 85 ] Biohazard The Stage was released in Japan in 2015. The play focused on Chris Redfield and Rebecca Chambers as Philosophy University in Australia is experiencing a bioterrorist attack. The production was handled by Avex Live Creative and Ace Crew Entertainment, under supervision from Capcom. [ 86 ] The following year, Musical Biohazard ~Voice of Gaia~ was released in September. It was produced by Umeda Arts Theater by director G2 and composer, Shunsuke Wada. [ 87 ] Biohazard the Experience was the second Resident Evil play produced by Avex Live Creative and Ace Crew Entertainment. The story is set in 2015 and follows a cast of thirteen survivors who were abducted and woke up in a mansion during an outbreak. [ 88 ] Reception and legacy Most of the games in the prominent Resident Evil series have been released to positive reviews. Some of the games, most notably Resident Evil , Resident Evil 2 and Resident Evil 4 , have been bestowed with multiple Game of the Year honors and often placed on lists of the best video games ever made . In 1999, Next Generation listed the Resident Evil series as number 13 on their ""Top 50 Games of All Time"", commenting that, ""Flawless graphics, excellent music, and a top-notch storyline all combined to make a game of unparalleled atmosphere and suspense."" [ 89 ] In 2012, Complex ranked Resident Evil at number 22 on the list of the best video game franchises. [ 90 ] That same year, G4tv called it ""one of the most successful series in gaming history."" [ 91 ] Commercial performance By December 2022, around 135 million Resident Evil games had been sold. [ 92 ] The first two Resident Evil games had collectively sold approximately 11 million units worldwide by March 1999. [ 93 ] By early 2001, the series had sold 17 million units worldwide, earning more than $600 million . [ 94 ] By 2011, it had sold about 46 million copies and was estimated to have grossed at least $1.3 billion . [ 95 ] [ 96 ] It is recognized by Guinness World Records as the best-selling survival horror series, with Resident Evil 2 remake being the best-selling survival horror game as of 2023 [ update ] . [ 97 ] [ 98 ] Seven of the top ten best-selling horror games in North America are Resident Evil games. [ 99 ] The 2023 Resident Evil 4 remake sold more than three million copies in its first two days of release. [ 100 ] It sold four million copies in its first two weeks, making it one of the fastest-selling Resident Evil games. [ 92 ] In Japan, it was the best-selling retail game in its first week, selling 89,662 copies on PlayStation 5 and 85,371 on PlayStation 4. [ 101 ] The Resident Evil film series was the highest-grossing film series based on video games by 2012. [ 102 ] By 2011, the films had grossed over $600 million at the box office, bringing the franchise's estimated revenue to at least more than $1.9 billion in combined video game sales and box office gross up until then. [ 95 ] [ 96 ] As of 2020 [ update ] , the films have grossed more than $1.3 billion in box office and home video sales. [ 103 ] The success of the video games and films have made Resident Evil the highest-grossing franchise in the horror [ 104 ] and zombie genres. [ 95 ] [ 96 ] Cultural impact GameSpot listed the original Resident Evil as one of the fifteen most influential video games of all time. It is credited with defining and popularizing the survival horror genre of games. It is also credited with taking video games in a cinematic direction with its B-movie style cut-scenes , including live-action full-motion video (FMV) footage. Its live-action opening, however, was controversial; it became one of the first action games to receive the ""Mature 17+"" (M) rating from the Entertainment Software Rating Board (ESRB), despite the opening cutscene being censored in North America. [ 105 ] The Resident Evil franchise is credited with sparking a revival of the zombie genre in popular culture, leading to a renewed interest in zombie films during the 2000s. [ 106 ] [ 107 ] Resident Evil also helped redefine the zombie genre, [ 108 ] playing an important role in its shift from supernatural themes to scientific themes by using science to explain the origins of zombies. [ 109 ] According to Kim Newman in the book Nightmare Movies (2011), ""the zombie revival began in the Far East"" mainly due to the 1996 Japanese zombie games Resident Evil and The House of the Dead . [ 110 ] George A. Romero , in 2013, said it was the video games Resident Evil and House of the Dead ""more than anything else"" that popularised his zombie concept in early 21st-century popular culture. [ 111 ] [ 112 ] In a 2015 interview with Huffington Post , screenwriter-director Alex Garland credited the Resident Evil series as a primary influence on his script for the horror film 28 Days Later (2002), and credited the first Resident Evil game for revitalizing the zombie genre. [ 107 ] Screenwriter Edgar Wright cited Resident Evil 2 as a primary influence on his zombie comedy film Shaun of the Dead (2004), [ 113 ] with the film's star and co-writer Simon Pegg also crediting the first game with starting the zombie revival in popular culture. [ 106 ] The Walking Dead comic book creator Robert Kirkman cited Resident Evil as his favorite zombie game, [ 114 ] while The Walking Dead television series director Greg Nicotero credited Resident Evil and The House of the Dead with introducing the zombie genre ""to a whole generation of younger people who didn't grow up watching Night of the Living Dead and Dawn of the Dead ."" [ 115 ] The Resident Evil Apocalypse zombies were conceptualized and choreographed by Sharon B. Moore and Derek Aasland. [ citation needed ] Through script analysis and movement research, a ""scientific logic"" was devised for the T-virus accounting for each Zombie behavior envisioned in Paul W. S. Anderson 's script. Sharon B. Moore and Derek Aasland then wrote the so-called Undead Bible - a Handbook for the Undead - used as the guide for the nearly 1000 cast under the choreographic department (stunt performers, actors, dancers, extras) to ensure the Undead physicality was performed in a unified way across the picture.  The Stunt and Core teams participated in the ""Undead Bootcamp"".  See also 2007 Documentary Undead Bootcamp starring producer Jeremy Bolt , director Alexander Witt , and choreographers Sharon B. Moore and Derek Aasland. [ citation needed ] On the DVD Featurette ' Resident Evil; Game Over ' Apocalypse director Alexander Witt said the zombies needed to be ""more aggressive and more dangerous"" than the original film, so they were created by the film's choreographers Sharon B. Moore and Derek Aasland as ""liquid zombie[s]' in terms of their relentless forward motion: unstoppable, flowing around any kind of resistance, and then rushing in on the final attack. This is also detailed in the book Biopunk Dystopias: Genetic Engineering, Society, and Science Fiction (Lars Schmeink, 2016, p. 214). [ 116 ] Additionally, the first Resident Evil film adaptation also contributed to the revival of zombie films, with the success of the film and the games resulting in zombies achieving greater mainstream prominence and several zombie films being greenlit, such as the video game film adaptation House of the Dead (2003), the remake Dawn of the Dead (2004) and Romero's Land of the Dead (2005). [ 117 ] The Resident Evil films, 28 Days Later and the Dawn of the Dead remake all set box office records for the zombie genre, reaching levels of commercial success not seen since the original Dawn of the Dead (1978). [ 118 ] They were followed by other zombie films such as 28 Weeks Later (2007), Zombieland (2009), Cockneys vs Zombies (2012), and World War Z (2013), as well as zombie-themed graphic novels and television shows such as The Walking Dead and The Returned , [ 106 ] and books such as World War Z (2006), Pride and Prejudice and Zombies (2009) and Warm Bodies (2010). [ 119 ] The zombie revival trend was popular across different media up until the mid-2010s. [ 106 ] Since then, zombie films have declined in popularity during the late 2010s, [ 119 ] but zombie video games have remained popular, as seen with the commercial success of the Resident Evil 2 remake and Days Gone in 2019. [ 120 ] See also Japan United States Video games Film Anime and manga Comics Books Speculative fiction Horror Viruses 1990s 2000s 2010s 2020s Genetic engineering in fiction List of fictional diseases List of zombie video games Dino Crisis , another horror series by Capcom Dead Rising , another zombie-themed series by Capcom Devil May Cry , another series by Capcom, initially conceived as a Resident Evil game Onimusha , another series by Capcom with similar gameplay, initially conceived as a Resident Evil game The Evil Within , other horror game made by Shinji Mikami References ↑ ""1st Quarter Report"" (PDF) . Capcom . July 29, 2026 . Retrieved July 29, 2026 . ↑ ""The Man Who Made Ghosts'n Goblins: Tokuro Fujiwara Interview"" . Continue . Vol. 12. 2003. Archived from the original on March 7, 2018 . Retrieved August 4, 2016 . ↑ Audureau, William (October 10, 2014). ""Shinji Mikami, "" Resident Evil "" et la source du jeu d'horreur"" [ Shinji Mikami, ""Resident Evil"" and the source of the horror game ] . Le Monde (in French). Archived from the original on October 15, 2014. ↑ ""What made Resident Evil 4 real game changer: tracing RE4 remake's roots and diving into its launch"" . WN Hub . March 24, 2023. Archived from the original on March 21, 2026 . Retrieved March 21, 2026 . ↑ Stuart, Keith. ""Resident Evil 4 at 20: the horror game that revitalised a genre"" . The Guardian . Archived from the original on March 21, 2026 . Retrieved March 21, 2026 . ↑ Ngan, Liv Ngan (June 27, 2025). ""Capcom confirms where Resident Evil Requiem falls in the series' timeline, as devs say they initially thought they ""couldn't touch Raccoon City"" "" . GamesRadar+ . Archived from the original on June 27, 2025 . Retrieved July 2, 2025 . ↑ Reeves, Ben (December 4, 2017). ""Resident Evil Was Originally In Development For The SNES"" . Game Informer . Archived from the original on December 4, 2017 . Retrieved April 16, 2023 . ↑ Butterworth, Scott (March 22, 2016). ""Resident Evil Creator Shinji Mikami Reflects on the Series' Roots"" . GameSpot . Retrieved April 3, 2025 . ↑ ""GR Asks: Why was Biohazard renamed Resident Evil?"" . GamesRadar+ . April 8, 2009. ↑ Speer, Justin (2000). ""The History of Resident Evil"" . VideoGames.com . Archived from the original on January 23, 2001 . Retrieved September 17, 2026 . ↑ ""Enter The Survival Horror... A Resident Evil Retrospective"". Game Informer . No. 174. October 2007. p. 132. The ""multi-million dollar franchise... Evil Capcom's largest"" and ""the original Resident Evil "" is ""one of the most important games of all time."" ↑ ""Resident Evil for GameCube Review"" . GameSpot . April 29, 2002. ↑ "" Resident Evil Survivor Review"" . IGN . September 14, 2000. Archived from the original on December 1, 2011 . Retrieved January 27, 2006 . ↑ "" Resident Evil: Dead Aim Review"" . GameSpot . June 16, 2003. Archived from the original on February 8, 2005. ↑ ""Resident Evil: Chronicles HD Collection"" . metacritic.com . Archived from the original on March 22, 2026. 1 2 Reeves, Ben (December 30, 2011). ""Guinness World Records 2012 Gamer's Edition Preview"" . Game Informer . Archived from the original on January 6, 2012 . Retrieved December 31, 2011 . ↑ Thomas, Lucas M. (June 2, 2009). ""E3 2009: Resident Evil PSP Announced"" . IGN . Archived from the original on January 23, 2012 . Retrieved July 23, 2011 . ↑ ""PSP Gets Resident Evil Portable in 2010"" . 1up.com. June 2, 2009. Archived from the original on November 5, 2015 . Retrieved April 7, 2010 . ↑ ""Zombies infecting PSP in Resident Evil Portable"" . Joystiq. June 2, 2009 . Retrieved April 7, 2010 . ↑ Reilly, Jim (June 9, 2009). ""New Resident Evil PSP Details Emerge"" . IGN.com . Archived from the original on March 16, 2010 . Retrieved April 7, 2010 . ↑ Spencer (June 8, 2009). ""Resident Evil Portable ""Totally Different For A Resident Evil Game"" "" . Siliconera.com . Retrieved April 7, 2010 . ↑ Jackson, Mike (April 3, 2011). ""Resident Evil: Revelations out 2012, new concept art"" . ComputerAndVideoGames.com . Future Publishing Limited . Retrieved April 21, 2011 . ↑ Richard George (October 1, 2012). ""IGN Review: Resident Evil 6"" . IGN . Retrieved October 1, 2012 . ↑ ""Resident Evil 6 Ships 4.5 Million Copies Worldwide"" . Siliconera. October 3, 2012 . Retrieved October 4, 2012 . ↑ Krupa, Daniel (January 31, 2013). ""Resident Evil Will Return To Its Roots"" . ign.com . IGN. Archived from the original on March 8, 2026 . Retrieved July 10, 2013 . ↑ Mejia, Ozzie (September 15, 2015). ""TGS 2015: Resident Evil: Umbrella Corps will help usher in series' 20th anniversary"" . Shacknews . Retrieved September 20, 2015 . ↑ Chalk, Andy (September 16, 2019). ""Capcom producer says Project Resistance is 'survival horror at its core' "" . PC Gamer . Retrieved September 29, 2019 . ↑ Fox, Tanner (October 21, 2022). ""Resident Evil Re:Verse Teases Ambitious Post-Launch Plans"" . Game Rant . Retrieved October 28, 2022 . ↑ Romano, Sal (October 13, 2016). ""Capcom begins 'The World of Resident Evil 7' short video series"" . Gematsu . Archived from the original on October 16, 2016. ↑ ""FEAR COMES HOME AS CAPCOM ANNOUNCES RESIDENT EVIL 7 biohazard"" . Turn Left Distribution . June 14, 2016. Archived from the original on April 21, 2018 . Retrieved May 15, 2018 . ↑ McWhertor, Michael (June 15, 2016). ""Resident Evil 7's demo content won't be in the main game, but a new hero will"" . Polygon . Vox Media . Archived from the original on June 15, 2016. ↑ Nunneley, Stephany (March 23, 2017). ""Resident Evil 7 cut content: zombies who reacted to breathing, the Baker's pet dog Diane"" . VG247 . Archived from the original on March 22, 2026. ↑ Phillips, Tom (June 15, 2016). ""If you like lots of guns in Resident Evil, 7 isn't for you"" . Eurogamer . Gamer Network . Archived from the original on June 16, 2016. ↑ Osborn, Alex (June 15, 2016). ""E3 2016: Resident Evil 7 Teaser Demo Not Part of the Main Game"" . IGN . Ziff Davis . Archived from the original on June 15, 2016. ↑ McWhertor, Michael (June 11, 2020). ""Resident Evil 8 announced at PS5 reveal event"" . Polygon . Archived from the original on June 11, 2020 . Retrieved June 11, 2020 . ↑ Mercante, Alyssa (June 11, 2020). ""Resident Evil 8: Village revealed and we're screaming"" . GamesRadar+ . Archived from the original on August 13, 2024 . Retrieved June 11, 2020 . ↑ Webb, Kevin (May 6, 2021). "" 'Resident Evil Village' is the most visually stunning game of the PlayStation 5 era so far"" . Business Insider . Archived from the original on September 11, 2024 . Retrieved February 7, 2026 . ↑ Jennifer Maas (June 6, 2025). "" 'Resident Evil Requiem' Sets February 2026 Release From Capcom"" . Variety . Retrieved June 6, 2025 . ↑ Kerr, Chris (December 11, 2019). ""Resident Evil 2 remake has passed 5 million sales"" . Gamasutra . Archived from the original on December 11, 2019 . Retrieved December 11, 2019 . ↑ McWhertor, Michael (December 10, 2019). ""Resident Evil 3 remake announced: watch the first trailer"" . Polygon . Retrieved September 10, 2019 . ↑ ""Resident Evil 4 Remake Revealed, Releases In March 2023"" . GameSpot . Retrieved June 2, 2022 . ↑ Phillips, Tom. ""Resident Evil Veronica Announced, Coming 2027"" . IGN . Retrieved June 5, 2026 . ↑ Kawanishi, Paulo (October 19, 2025). ""Resident Evil Survival Unit is all about fan service"" . Polygon . Retrieved February 23, 2026 . ↑ Dassanayake, Dion (September 30, 2025). ""How to play the Resident Evil games in Chronological order"" . Eurogamer . Retrieved September 16, 2026 . ↑ ""Resident Evil Games in Order: Release and Chronological Guide"" . coingate.com . August 3, 2026 . Retrieved September 16, 2026 . 1 2 3 ""Resident Evil: The Story So Far"" . IGN . June 23, 2021 . Retrieved February 11, 2023 . 1 2 3 Hashimoto, Kazuma (May 22, 2021). ""Resident Evil's most unsettling theme isn't zombies — it's eugenics"" . Polygon . Retrieved February 11, 2023 . ↑ Damien Waples (November 13, 2007). Resident Evil: The Umbrella Chronicles Official Game Guide . California, United States: Prima Games . pp. 58– 73. ISBN 978-0-761-55845-3 . ↑ Goldstein, Hilary (July 23, 2009). ""S DCC 09: Resident Evil's Wesker gone for good"" . IGN . Archived from the original on May 8, 2016 . Retrieved February 11, 2023 . ↑ Pitts, Russ (April 10, 2012). "" 'Resident Evil 6' preview: Leon and Chris, together at last"" . Polygon . Retrieved February 18, 2023 . ↑ Gonzalez, Oscar; Keane, Sean (May 11, 2021). ""Resident Evil Village synopsis, ending, post-credit scene explained"" . CNET . Retrieved February 18, 2023 . ↑ Driver, Dale (March 4, 2026). ""Resident Evil Requiem Endings Explained"" . IGN . Retrieved March 4, 2026 . ↑ Dodd, Adam (February 24, 2015). ""What's the Most Memorable 'Resident Evil' Puzzle?"" . Bloody Disgusting . Retrieved December 19, 2018 . ↑ Garst, Aron (March 22, 2026). ""How Resident Evil Shifted Perspectives And Framed Fear Over 30 Years"" . GameSpot . Retrieved March 22, 2026 . 1 2 ""A eulogy for tank controls"" . PC Gamer . February 20, 2015. Archived from the original on March 5, 2018 . Retrieved March 5, 2018 . 1 2 3 4 ""The History of Resident Evil"" . GameSpot . August 13, 2016. Archived from the original on December 11, 2021 . Retrieved December 6, 2018 . ↑ Mielke, James (June 4, 2020). ""Resident Evil Creator Talks Zombies in 2020 and How His Games Will Change Post-Pandemic"" . IGN . Retrieved February 4, 2021 . ↑ McWhertor, Michael (January 21, 2021). ""Resident Evil Village has a Resident Evil 4-style inventory and merchant"" . TheVerge.com . The Verge . Retrieved January 22, 2021 . ↑ Robertson, Adi (September 27, 2021). "" Resident Evil 4 VR is launching October 21st, but only on Oculus Quest 2"" . The Verge . Retrieved November 5, 2021 . ↑ ""Box Office History for Resident Evil Movies"" . The Numbers . Retrieved October 25, 2010 . ↑ ""Resident Evil"" . Box Office Mojo . Retrieved August 15, 2013 . ↑ Rubin, Rebecca (March 31, 2021). ""Sony Delays 'Resident Evil' Release Date"" . Variety . Retrieved March 31, 2021 . ↑ Kit, Borys (January 24, 2025). ""Zach Cregger to Tackle 'Resident Evil' Reboot, Igniting Bidding War"" . The Hollywood Reporter . Retrieved January 28, 2025 . ↑ Borys Kit (March 7, 2025). ""Zach Cregger's 'Resident Evil' Movie Lands at Sony"" . Hollywood Reporter . Retrieved March 7, 2025 . ↑ Jason Pirodsky (June 6, 2025). "" 'Resident Evil': Untitled feature film from Zach Cregger registers to film in Czechia"" . The Prague Reporter . Retrieved June 6, 2025 . ↑ Zach Cregger (August 9, 2025). WEAPONS Q&A – Alamo Drafthouse (Video). YouTube . Retrieved August 11, 2025 . At 8:46, Cregger confirms that Austin Abrams will appear in the upcoming Resident Evil reboot. ↑ McWhertor, Michael (September 2, 2025). ""Resident Evil movie director says he's making it for fans of the games, not the movies"" . Polygon . Retrieved September 3, 2025 . ↑ バイオハザードの映像アトラクションがお披露目 . GameSpot Japan (in Japanese). Softbank Publishing Inc. October 19, 2000. Archived from the original on February 12, 2003. ↑ ""How 'Resident Evil: Degeneration' Movie Connects to 'Resident Evil 5' "" . MTV . January 23, 2009. Archived from the original on June 27, 2016 . Retrieved May 5, 2020 . ↑ ""Resident Evil: Damnation Takes Place Right Before Resident Evil 6"" . Siliconera . August 3, 2012 . Retrieved May 5, 2020 . ↑ ""Mansion monsters thirst for blood in operatic new Resident Evil: Vendetta trailer"" . SyFy Wire . September 20, 2016. Archived from the original on November 25, 2020 . Retrieved May 5, 2020 . ↑ Grobar, Matt (May 19, 2021). ""Netflix Debuts New Trailer For 'Resident Evil: Infinite Darkness' Animated Series Premiering This Summer"" . Deadline . Retrieved June 21, 2021 . ↑ Doolan, Liam (September 27, 2020). ""Capcom Reveals Resident Evil: Infinite Darkness - A New Netflix Series Arriving In 2021"" . Nintendo Life . Retrieved September 27, 2020 . ↑ Patches, Matt (August 27, 2020). ""Resident Evil live-action series confirmed by Netflix with first details"" . Polygon . Retrieved August 27, 2020 . ↑ Phillips, Tom (August 27, 2020). ""Netflix's Resident Evil series will star the Wesker kids"" . Eurogamer . Retrieved August 27, 2020 . ↑ ""Enter The Survival Horror... A Resident Evil Retrospective"". Game Informer . No. 174. October 2007. pp. 132– 133. ↑ ""Go Figure"". GamePro . No. 111. IDG . December 1997. p. 30. Toy Biz will also see its Resident Evil toys slither into stores around March. The first assortment will feature two-packs of a hero or a villain and one of the game's creepy creatures. ↑ ""It's Never Too Late"". Electronic Gaming Monthly . No. 106. Ziff Davis . May 1998. p. 114. ↑ Brian Ashcraft, Japan's Resident Evil Restaurant Has More Hot Pants Than Zombies , Kotaku, July 13, 2012 ↑ ""Capcom And Universal Studios Talk Real Life Resident Evil"" . Game Informer . Archived from the original on September 25, 2013. ↑ For example, the novel Underworld suggested that Raccoon City was destroyed during an accidental fire after the events of City of the Dead , whereas in Resident Evil 3 it is revealed that the city was destroyed by a nuclear missile launched by the government. ↑ ""Snake Heart"" (in Japanese). Archived from the original on February 15, 2013 . Retrieved July 2, 2009 . ↑ ""NYCC '09 – Wildstorm Panel with Jim Lee"" . Newsarama . February 7, 2009. Archived from the original on February 10, 2009. ↑ "" Resident Evil solicitations at DC Comics website"" . Archived from the original on July 22, 2013 . Retrieved June 9, 2009 . ↑ ""BIOHAZARD対策室/BIOHAZARD/S･E･Tバイオロイド零年"" . www.biohazard.gr.jp . Retrieved June 25, 2021 . ↑ Yoriko, Jun (October 22, 2015), Biohazard the Stage (Thriller), Rin Asuka, Shin'ichi Chiba, Atsushi Kimura, Yûji Kishi, Capcom Company , retrieved June 25, 2021 ↑ ""CAST&STAFF│『ミュージカル バイオハザード ～ヴォイス・オブ・ガイア～』特設サイト 梅田芸術劇場"" . October 14, 2018. Archived from the original on October 14, 2018 . Retrieved June 25, 2021 . ↑ ""バイオハザード ザ エクスペリエンス ｜ 公式ホームページ｜チケット情報や出演キャスト紹介など 2017年公演"" . www.biohazard-stage.com . Archived from the original on August 31, 2015 . Retrieved June 25, 2021 . ↑ ""Top 50 Games of All Time"". Next Generation . No. 50. February 1999. p. 79. ↑ Elton Jones. ""Resident Evil – The 50 Best Video Game Franchises – Complex"" . Complex . Archived from the original on June 30, 2014 . Retrieved September 26, 2012 . ↑ ""Top 100 Video Games of All Time #81 – Resident Evil –"" . G4TV.com. June 11, 2012 . Retrieved August 15, 2013 . 1 2 Yaden, Joseph (April 7, 2023). "" Resident Evil 4 surpasses 4 million copies sold in two weeks"" . GameSpot . Retrieved April 7, 2023 . ↑ ""Annual Report 1999"" (PDF) . Capcom . 1999. p. 8. Archived (PDF) from the original on March 10, 2013 . Retrieved February 13, 2021 . ↑ Dunkley, Cathy (May 9, 2001). ""Col TriStar giving 'Evil' the eye"" . Variety . Retrieved February 15, 2021 . 1 2 3 Ogg, Jon (October 30, 2011). ""Zombies worth over $5 billion to economy"" . NBC News . Retrieved September 17, 2023 . 1 2 3 ""America's $5 billion zombie industry: By the numbers"" . The Week . October 27, 2011 . Retrieved January 30, 2021 . ↑ ""Resident Evil: Best-selling survival horror series"" . Guinness World Records Gamer's Edition 2016 . Guinness World Records . September 10, 2015. p. 138. ISBN 978-1-910561-10-2 . ↑ Wood, Anthony (August 3, 2023). ""Resident Evil 2 Remake Now the Best-Selling Resident Evil Game Ever"" . IGN . Retrieved September 17, 2023 . ↑ Wright, Landon (August 2, 2019). ""Resident Evil Franchise Dominates Top 10 Best-Selling Horror Games Via NPD"" . GamingBolt . Retrieved February 1, 2021 . ↑ Nightingale, Ed (March 29, 2023). ""Resident Evil 4 Remake has already sold over 3m copies"" . Eurogamer . Retrieved March 29, 2023 . ↑ Romano, Sal (March 30, 2023). ""Famitsu Sales: 3/20/23 – 3/26/23"" . Gematsu . Retrieved March 30, 2023 . ↑ Reeves, Ben (December 30, 2011). ""Guinness World Records 2012 Gamer's Edition Preview"" . Game Informer . Archived from the original on January 6, 2012 . Retrieved December 31, 2011 . ↑ ""Resident Evil Franchise Box Office History"" . The Numbers . Retrieved February 15, 2021 . ↑ Mendelson, Scott (January 23, 2017). ""How 'Resident Evil' Became The Most Successful Video Game-Based Franchise Ever"" . Forbes . Retrieved February 1, 2021 . ↑ ""15 Most Influential Video Games of All Time"" . GameSpot . April 14, 2010. Archived from the original on April 15, 2010 . Retrieved August 11, 2013 . 1 2 3 4 Barber, Nicholas (October 21, 2014). ""Why are zombies still so popular?"" . BBC . Retrieved May 31, 2019 . 1 2 Hasan, Zaki (April 10, 2015). ""INTERVIEW: Director Alex Garland on Ex Machina"" . Huffington Post . Retrieved June 21, 2018 . ↑ Stewart, Kevin (Spring 2007). ""The Zombie Aesthetics and the Post-Apocalyptic Franchise"" . Kinema: A Journal for Film and Audiovisual Media . University of Waterloo . doi : 10.15353/kinema.vi.1170 . ISSN 1192-6252 . Retrieved February 15, 2021 . ↑ Jones, Tanya Carinae Pell (April 15, 2014). ""From Necromancy to the Necrotrophic: Resident Evil's Influence on the Zombie Origin Shift from Supernatural to Science"" . In Farghaly, Nadine (ed.). Unraveling Resident Evil: Essays on the Complex Universe of the Games and Films . McFarland & Company . pp. 7– 18. ISBN 978-0-7864-7291-8 . ↑ Newman, Kim (2011). Nightmare Movies: Horror on Screen Since the 1960s . A&C Black . p. 559. ISBN 9781408805039 . ↑ Weedon, Paul (July 17, 2017). ""George A. Romero (interview)"" . Paul Weedon . Archived from the original on June 2, 2019 . Retrieved June 2, 2019 . ↑ Diver, Mike (July 17, 2017). ""Gaming's Greatest, Romero-Worthy Zombies"" . Vice . Retrieved June 2, 2019 . ↑ ""12 Killer Facts About Shaun of the Dead"" . Mental Floss . January 23, 2016 . Retrieved May 31, 2019 . ↑ Shuman, Sid (January 13, 2009). ""Robert Kirkman speaks: The Walking Dead creator talks video games and zombies"" . PC World . Archived from the original on October 20, 2021 . Retrieved March 14, 2022 . ↑ Hocking, Scott (September 24, 2018). ""Interview with Greg Nicotero – The Walking Dead"" . STACK . Retrieved March 14, 2022 . ↑ Schmeink, Lars (2016). Biopunk dystopias: genetic engineering, society, and science fiction . Liverpool: Liverpool University Press. doi : 10.5949/liverpool/9781781383766.001.0001 . ISBN 978-1-78138-332-2 . OCLC 1256592985 . ↑ Russell, Jamie (2005). ""The Resident Evil Effect"". Book of the Dead: The Complete History of Zombie Cinema . FAB Press / Titan Books . pp. 171–178 (178). ISBN 978-1-903254-33-2 . Whatever criticism one might want to level against the first Resident Evil movie, it had an undeniably positive effect on the zombie's fortunes. Dragged into the mainstream by the videogame franchise and Anderson's blockbuster, the living dead suddenly achieved a degree of respectability they'd never had before. It was as if, after seventy-odd years of being ignored, they'd finally received their invite to the Hollywood party. Within mere weeks of Resident Evil ' s opening came a series of press releases and announcements suggesting that the zombie had finally broken free of its marginal roots: a remake of Dawn of the Dead had received the greenlight, a big-screen adaptation of arcade game The House of the Dead was going into production; and, perhaps most exciting of all, George Romero announced at Fangoria's Weekend of Horrors Convention in August 2002 that he was in serious talks with Twentieth Century Fox to complete the fourth and final installment of his ""trilogy"" - provisionally dubbed ""Land of the Dead,"" with a $10 million budget and a planned R-rated release. ↑ Booker, M. Keith (2010). Encyclopedia of Comic Books and Graphic Novels [ 2 volumes ] : [ Two Volumes ] . ABC-CLIO . p. 662. ISBN 9780313357473 . 1 2 ""How '28 Days Later' Changed the Horror Genre"" . The Hollywood Reporter . June 29, 2018 . Retrieved May 31, 2019 . ↑ ""A Discussion of Zombies and the Apocalypse in Video Games"" . The Hollywood Reporter . April 27, 2019 . Retrieved May 31, 2019 . External links Official website BioHazard / Resident Evil series at MobyGames v t e Resident Evil Resident Evil 2 Resident Evil 3: Nemesis Resident Evil – Code: Veronica Resident Evil Zero Resident Evil 4 Resident Evil 5 Resident Evil 6 Resident Evil 7: Biohazard Resident Evil Village Resident Evil Requiem Resident Evil Resident Evil 2 Resident Evil 3 Resident Evil 4 Resident Evil Veronica Revelations Revelations 2 Outbreak Outbreak: File #2 Survivor Survivor 2 – Code: Veronica Dead Aim The Umbrella Chronicles The Darkside Chronicles Gaiden The Mercenaries 3D Operation Raccoon City Umbrella Corps Resistance Mobile games Resident Evil (2002) Apocalypse Extinction Afterlife Retribution The Final Chapter Welcome to Raccoon City Resident Evil (2026) Biohazard 4D-Executer (short film) Degeneration Damnation Vendetta Death Island Infinite Darkness Resident Evil Chris Redfield Jill Valentine Barry Burton Rebecca Chambers Albert Wesker Claire Redfield Leon S. Kennedy Sherry Birkin Ada Wong William Birkin Mr. X Nemesis Lisa Trevor Ashley Graham Luis Sera Merchant Sheva Alomar Ethan Winters Baker family Lady Dimitrescu Grace Ashcroft Raccoon City Raccoon Police Station Raccoon Police Station Spencer Mansion Umbrella Corporation Zombies Tokuro Fujiwara Shinji Mikami Hideki Kamiya Hiroyuki Kobayashi Noboru Sugimura Jun Takeuchi Capcom Five RE Engine Resident Evil 1.5 Sweet Home Marvel vs. Capcom 2: New Age of Heroes 3: Fate of Two Worlds Ultimate Infinite 2: New Age of Heroes 3: Fate of Two Worlds Ultimate Ultimate Infinite Under the Skin Namco × Capcom Project X Zone 2 2 Resident Evil 4 HD Project Dead by Daylight Puzzle Fighter Teppen George A. Romero's Resident Evil Save Room Category v t e Shinkiro Jun Takeuchi Shu Takumi Ryozo Tsujimoto Yoshino Aoki Harumi Fujita Yasuaki Fujita Tokuro Fujiwara Noritaka Funamizu Atsushi Inaba Keiji Inafune Hideaki Itsuno Akari Kaida George Kamitani Hideki Kamiya Akira Kitamura Hiroyuki Kobayashi Manami Matsumae Shinji Mikami Naoshi Mizuta Kinu Nishimura Akira Nishitani Takashi Nishiyama Yoshiki Okamoto Yoshinori Ono Tetsuya Shibata Yoko Shimomura Noboru Sugimura Sawaki Takeyasu Akira Yasuda Ace Attorney Bionic Commando Breath of Fire Commando Darkstalkers Dead Rising Devil May Cry Dino Crisis Dragon's Dogma El Dorado Gate Final Fight Ghosts 'n Goblins Lost Planet Marvel vs. Capcom Mega Man Monster Hunter Onimusha Resident Evil Sengoku Basara Street Fighter Strider Viewtiful Joe Capcom Vancouver Clover Studio Flagship K2 MT Framework RE Engine Alph Lyla Capcom Cup Capcom Five Capcom U.S.A. Inc. v. Data East Corp. Red Dead Suleputer List Category United States Israel MusicBrainz series Yale LUX Resident Evil Biopunk video games Capcom franchises Fiction about experimental medical treatments Fiction about genetic engineering Video game franchises introduced in 1996 Video games about human experimentation Mutants in fiction Fiction about bioterrorism Science fiction franchises Video games about mutants Video games about zombies Video games adapted into comics Video games adapted into films Video games adapted into novels Video games adapted into television shows Articles with short description Short description is different from Wikidata Use mdy dates from March 2026 Articles containing Japanese-language text Articles containing potentially dated statements from June 2026 All articles containing potentially dated statements CS1 French-language sources (fr) CS1 uses Japanese-language script (ja) CS1 Japanese-language sources (ja) Pages with non-numeric formatnum arguments Articles containing potentially dated statements from 2023 Articles containing potentially dated statements from 2020 All articles with unsourced statements Articles with unsourced statements from August 2026 Commons category link is on Wikidata Official website different in Wikidata and Wikipedia"
Resident Evil,https://en.wikipedia.org/wiki/Resident_Evil_(film_series),"Paul W. S. Anderson (1, 4–6) Alexander Witt (2) Russell Mulcahy (3) Johannes Roberts (7) Zach Cregger (8) Paul W. S. Anderson (1–6) Johannes Roberts (7) Zach Cregger (8) Shay Hatten (8) Paul W. S. Anderson (1–6) Jeremy Bolt (1–6) Bernd Eichinger (1, 3) Samuel Hadida (1–6) Don Carmody (1–6) Robert Kulzer James Harris (7) Hartley Gorestein (7) Zach Cregger (8) Roy Lee (8) Miri Yoon (8) Asad Qizilbash (8) Carter Swan (8) Marco Beltrami (1) Marilyn Manson (1) Jeff Danna (2) Charlie Clouser (3) Tomandandy (4–5) Paul Haslinger (6) Mark Korven (7) Ryan Holladay (8) Hays Holladay (8) Resident Evil is a biopunk [ 1 ] action horror film series produced and distributed by Sony Pictures based on the Japanese video game franchise by Capcom . The series includes live-action films based on the franchise, but not animated films. The German studio Constantin Film bought the rights to adapt the series to live action in January 1997. In 2000, Paul W. S. Anderson was announced as writer and director for Resident Evil (2002). Anderson continued as writer and producer for Resident Evil: Apocalypse (2004) and Resident Evil: Extinction (2007), and returned as the director for Resident Evil: Afterlife (2010), Resident Evil: Retribution (2012) and Resident Evil: The Final Chapter (2016). These first six films follow Alice ( Milla Jovovich ), a character created specifically for the films. Alice is a former security specialist and covert operative who battles the Umbrella Corporation , whose bioweapons have triggered a zombie apocalypse . Characters from the games appear, including Claire Redfield , Jill Valentine , Ada Wong , Carlos Oliveira , Chris Redfield , Leon S. Kennedy , Barry Burton , and the antagonists Albert Wesker and James Marcus . The series was then rebooted twice. The first, Resident Evil: Welcome to Raccoon City (2021), was directed by Johannes Roberts . The second, Resident Evil (2026), was directed by Zach Cregger . Though the films have received generally negative reviews from critics, the Resident Evil series has grossed over $1.2 billion. It was once the highest-grossing film series based on a video game and the highest-grossing horror film series , and is the highest-grossing zombie film series. [ 2 ] [ 3 ] [ 4 ] [ 5 ] The series retains the record for the most live-action film adaptations of a video game. [ 4 ] Films Original series Resident Evil (2002) In January 1997, Constantin Film acquired the live-action film rights to the Resident Evil franchise with Alan B. McElroy possibly writing the script. [ 6 ] George A. Romero was hired by Sony Pictures and Capcom to direct and write Resident Evil . His script was later rejected and he was ultimately dropped. [ 7 ] [ 8 ] While Romero's script was supported by a number of people from Capcom and Constantin, it was rejected by Constantin producer Bernd Eichinger , [ 9 ] as well as Capcom producer Yoshiki Okamoto . [ 10 ] A documentary based on this adaptation was released on digital on January 7, 2025. [ 11 ] In late 2000, Paul W. S. Anderson was announced as director and writer. [ 12 ] Anderson stated the film would not include any tie-ins with the video game series as ""under-performing movie tie-ins are too common and Resident Evil , of all games, deserved a good celluloid representation"". [ 13 ] In 2001, Milla Jovovich was cast as Alice, an original character who serves as the main protagonist of the film. [ 14 ] By May 2001, Columbia TriStar was in final negotiations to acquire North American distribution rights to the film and budgeted it at $40 million. [ 15 ] In the film, the Umbrella Corporation operates a secret genetic research facility named the Hive. Located beneath Raccoon City , the Hive has been sealed by its AI , the Red Queen, after the release of the T-virus into the facility. The Red Queen kills everyone in the facility to ensure that the T-virus does not reach the surface, but the T-virus reanimates them, transforming the humans and animals into aggressive zombies and mutants. Alice was once a security operative working for the corporation until her memory was wiped by the Red Queen's nerve gas. As her team investigates the Hive, a monstrous Umbrella test subject called a Licker pursues them onto a train. Alice survives along with teammate Matt Addison, but they are separated and taken by an Umbrella hazmat unit, where Matt begins to genetically transform. Alice awakens from a coma to a ravaged Raccoon City after a T-virus outbreak. Resident Evil: Apocalypse (2004) A sequel began production in 2003 after the success of the first film. [ 16 ] Anderson returned as the writer but, due to his work on Alien vs. Predator , Alexander Witt took over the director's role. [ 17 ] The film released on September 10, 2004. In the film, the viral outbreak reaches the surface and to contain the infection, Major Timothy Cain seals all exits to and from Raccoon City . Among the people trapped in the city are Jill Valentine and her partner Peyton Wells. After Alice awakens from her coma, she rescues Jill and Peyton from a group of Licker monsters. They are contacted by Dr. Charles Ashford, who directs them to an evacuation point in exchange for the rescue of his daughter Angela, trapped elsewhere in the city. Weapon Nemesis attacks the team after Cain commands it to kill all STARS (Special Tactics And Rescue Service) members. The team rescues Angela and makes its way to the evacuation helicopter guided by Umbrella mercenary Carlos Olivera . After Alice's confrontation with Cain and Nemesis leaves them dead, she and the team fly away from Raccoon City as it is destroyed by a nuclear missile. The helicopter crashes in the Arklay Mountains, and Alice is found by an Umbrella search team and taken to a research station. When Alice awakens, she displays extraordinary powers, and escapes with help from Jill and Carlos. As they drive away, Dr. Alexander Isaacs, a top-ranking Umbrella employee, reveals that Alice's escape is part of Umbrella's plan. Resident Evil: Extinction (2007) In November 2005, Screen Gems gained the rights for the third installment in the franchise, which was then subtitled Extinction . [ 18 ] Anderson returned as a writer and filming took place in Mexico . Russell Mulcahy was the director. The film was released on September 21, 2007. [ 19 ] The world has been consumed by the T-virus and Umbrella Corporation develops clones of Alice to find one who displays her powers. Elsewhere, Claire Redfield leads a convoy of survivors across the Nevada desert, including Raccoon City survivors Carlos Olivera and L.J. Wayne. Alice roams the country alone, staying off the grid. After accidentally destroying her motorcycle, she joins Redfield's convoy, rescuing them from a mob of attacking crows using her telekinetic powers. Alice and the convoy head to Las Vegas to gather supplies so that they can reach Alaska to find ""Arcadia"", thought to be a safe haven. In Las Vegas, they are ambushed by a group of Umbrella Corporation's new super zombies created by Dr. Alexander Isaacs, which kills most of the convoy. L.J., who had been bitten earlier and hiding the progress of the infection, now completely transforms and bites Olivera. Dr. Isaacs himself is bitten and retreats to the Umbrella base where he injects himself with large doses of the anti-virus as a cure. He transforms into a Tyrant, a towering creature with regenerative and psionic powers. Alice, Claire and Carlos locate a helicopter in Umbrella base and plan to use it to extract the survivors to Alaska. Olivera makes his last stand by sacrificing himself and plowing his truck into a horde of zombies, giving the rest time to load the survivors. Claire and the survivors head towards Alaska, while Alice stays behind to confront Isaacs, and discovers her clones in the facility. After she defeats Isaacs, Alice contacts Umbrella and warns them that she is coming for them with an army of her clones. Resident Evil: Afterlife (2010) Before the third installment had been released, Constantin prepared to release a fourth entry. [ 20 ] The film was set in Japan and filmed in 3D with the Fusion Camera System developed by James Cameron and Vince Pace for the 2009 film Avatar . [ 21 ] It was written and directed by Paul W. S. Anderson and released on September 10, 2010. After the events of Extinction , Alice and her clones attack the Umbrella Headquarters in Tokyo. Wesker escapes and destroys the facility, killing the clones. He is confronted by Alice aboard his helicopter, and injects her with a serum that removes her super-human abilities. The helicopter crashes, and only Alice is seen emerging from the rubble. After six months of a failed aerial search for other survivors, Alice heads toward the supposed location of Arcadia. She lands on an airfield in Alaska, and finds Claire with an Umbrella controlling device attached to her chest and a wiped memory. Claire and Alice fly to Los Angeles , where they stumble on a prison wherein they meet Luther West and Chris Redfield , Claire's brother. The survivors explain that Arcadia is really a tanker off the coast that has been broadcasting a looped message and is picking up survivors. During an attempted escape, Alice, Claire and Chris are the only ones to emerge and they reach the tanker only to find it abandoned. Claire's memory begins to return and she remembers Umbrella workers attacking her group of survivors and moving them to the tanker. They learn that the ship is an Umbrella research facility, which is conducting experiments on the survivors. The three meet Albert Wesker, who has been granted super-human abilities from the T-virus. After the fight, Alice transmits a message to survivors calling them to create a new and true safe haven. As the film closes, a fleet of Umbrella Corporation gunships led by Valentine prepares to lead an assault on the survivors. Resident Evil: Retribution (2012) Written and directed by Anderson, Retribution was planned to be filmed back to back with the sixth installment, but Anderson decided to focus on the fifth film. [ 22 ] Filming took place in Toronto , Ontario from mid-October to December 23, 2011. [ 23 ] Colin Salmon who played One and Michelle Rodriguez who played Rain Ocampo in the first film returned. [ 24 ] [ 25 ] Oded Fehr , who portrayed Carlos Olivera in the second and third films, also returned. Three characters from the video games made their debut in the film series— Johann Urb as Leon S. Kennedy , Kevin Durand as Barry Burton , and Li Bingbing as Ada Wong . [ 26 ] [ 27 ] It was released internationally on September 14, 2012. [ 23 ] Alice awakens in an Umbrella base where she is interrogated by Valentine. During a power failure orchestrated by Ada Wong, Alice escapes from her cell and encounters her. Wong explains that Wesker plans to aid Alice's escape and battle the base's supercomputer Red Queen, to save what's left of mankind. Wesker has organized a team of freelance operatives to infiltrate the base and help Alice and Ada escape, including Leon S. Kennedy, Barry Burton and Luther West. Along the way, Alice finds a clone of a girl named Becky. They also face clone versions of Carlos Olivera, One and Rain Ocampo, all under the direction of Valentine. After Alice meets with the rescue team, Valentine's soldiers catch up to them, resulting in a shootout that kills Burton, Olivera and One. Alice, West, Kennedy and Becky reach the surface and are met by a submarine, from which Valentine, the clone Rain, and a captured Ada emerge. Valentine battles Alice while Rain fights Kennedy and West. Alice manages to remove the scarab device from Valentine, returning her back to normal, and joins Kennedy in defeating Rain. Alice, Ada, Becky, Leon and Valentine travel to Wesker's base. Wesker injects Alice with the T-virus, returning her superhuman powers, then tells her that she is responsible for saving the remaining humans from extinction. [ 28 ] Resident Evil: The Final Chapter (2016) Anderson wrote and directed the sixth and final film in the series, subtitled The Final Chapter , which was filmed in 2D and was post-converted to stereoscopic 3D. [ 29 ] [ 30 ] [ 31 ] Milla Jovovich reprised her role as Alice, with only Shawn Roberts , Iain Glen and Ali Larter returning from previous entries as Albert Wesker, Dr. Isaacs and Claire Redfield, respectively. Continuing from the last film, Anderson expressed his desire for the final film to ""come full circle"", bringing back characters, themes and the environment of the Hive from the first movie. [ 29 ] Filming was set to begin in South Africa in August 2014 but was delayed to the summer of 2015 due to Jovovich's pregnancy. Principal photography commenced on September 18, 2015, in South Africa. [ 31 ] It was released on December 23, 2016, in Tokyo and on January 27, 2017, in North America. [ 32 ] [ 33 ] [ 34 ] Three weeks after the events in Retribution , humanity is on its last legs after Alice is betrayed by Wesker in Washington, D.C. Alice encounters the Red Queen, who tells her that she must return to Raccoon City, where the Umbrella Corporation has developed an airborne anti-virus which will kill every organism infected by the T-virus. In a race against time, Alice is captured by Dr. Isaacs, who reveals his previous incarnation was a clone. Alice escapes and arrives in Raccoon City, where she joins forces with Claire Redfield. After holding off Dr. Isaacs' undead army, Alice, Claire and a team of survivors make their way towards the Hive. They encounter the Red Queen, who tells them the T-virus was created by James Marcus, the founder of the Umbrella Corporation to save his daughter, Alicia, from an ailment that caused her to age rapidly. James was betrayed by his business partner, Dr. Isaacs, and killed by Albert Wesker. Dr. Isaacs and the board of the Umbrella Corporation then intended to release the T-virus to cleanse the world, save the rich and powerful with cryogenics in the Hive, and later rebuild it as they desire. After confronting Wesker and the real Dr. Isaacs at the bottom of the Hive, Alice learns she is a clone of the still-living Alicia Marcus. Alice releases the anti-virus, eliminating all infected by the T-virus. She survives, and gains the memories of Alicia Marcus as a reward to reclaim the childhood she never had. The series ends with Alice riding a motorcycle, stating that her job is not finished yet and that it will take several years for the anti-virus to circle the globe. Reboot Resident Evil: Welcome to Raccoon City (2021) In May 2017, Constantin chairman Martin Moszkowicz stated that a reboot of the series was in development. [ 35 ] In the same month, it was announced that James Wan would produce the reboot with a script by Greg Russo, with both later leaving the project. [ 36 ] [ 37 ] In December 2018, Johannes Roberts was hired as writer and director. [ 38 ] Roberts stated that his film will be separate from the previous films in the series, with the story being based on Resident Evil and Resident Evil 2 . [ 39 ] By October 2020, the principal cast was reported with Kaya Scodelario cast as Claire Redfield, Hannah John-Kamen as Jill Valentine, Robbie Amell as Chris Redfield, Neal McDonough as William Birkin, Tom Hopper as Albert Wesker, and Avan Jogia as Leon S. Kennedy. [ 40 ] Other cast members, Donal Logue , Chad Rook , Lily Gao and Marina Mazepa were cast as Chief Brian Irons , Richard Aiken , Ada Wong and Lisa Trevor , respectively. Filming began on October 17, 2020, in Sudbury , Ontario , Canada, with reshoots in May 2021. [ 41 ] [ 42 ] The film was released on November 24, 2021, by Sony Pictures Releasing in the United States. [ 43 ] Claire Redfield uncovers secrets about the Umbrella Corporation's experiments and accidents and travels back to her hometown of Raccoon City to warn her brother Chris Redfield. Meanwhile, a zombie outbreak begins after residents are poisoned in the water supply. Chris, along with fellow STARS members Jill Valentine and Albert Wesker, travel to the Spencer Mansion to recover bravo team and find out what is happening in the town. Claire travels with rookie police officer Leon S. Kennedy to the Raccoon City Orphanage to flee the city before it is destroyed, where they encounter a Licker and Claire's old friend Lisa Trevor. Wesker betrays Jill and attempts to steal the virus produced by Dr. William Birkin, a scientist working for the Umbrella Corporation. On the verge of death, Birkin injects himself with the G-virus, saving his life and mutating him into the Tyrant. The survivors flee on an underground train with Birkin's daughter Sherry and destroy the tyrant with a rocket launcher. In a mid-credits scene, Albert Wesker is saved from death by Ada Wong and is given his trademark sunglasses. Second reboot Resident Evil (2026) In January 2025, it was reported that Zach Cregger was writing and directing a new film reboot, co-produced by Constantin Film and PlayStation Productions . [ 44 ] In March 2025, Sony Pictures won a bidding war to secure the rights to the Resident Evil franchise, including its upcoming untitled project, with Columbia Pictures serving as the film's new distributor. Sony has set a release date of September 18, 2026 for the project. [ 45 ] In June 2025, it was reported that the project had registered to film in the Czech Republic . [ 46 ] In August 11, 2025, Austin Abrams was confirmed to star in the film. [ 47 ] Filming was scheduled to begin in Prague in November 2025. Cregger stated that he had never seen any of the previous Resident Evil films and that the upcoming movie will be more closely based on the video game series, particularly Resident Evil 2 , Resident Evil 3: Nemesis , and Resident Evil 4 . [ 48 ] On September 17, 2025 Paul Walter Hauser was cast in a role. [ 49 ] The next month, Zach Cherry , Kali Reis and Johnno Wilson were cast in roles with Cherry as a scientist and Reis as an ex-military character that was originally written for a male actor. [ 50 ] Television Resident Evil (2022) In January 2019, Netflix was in development of a series based upon the Resident Evil franchise . [ 51 ] At the time, Deadline Hollywood reported that the series was to be set in the universe of the films, but when the series was ordered in 2020, Andrew Dabb was hired and confirmed that it would not. [ 52 ] Resident Evil premiered on July 14, 2022, [ 53 ] to negative reviews from both critics and audiences alike. In August 2022, the series was canceled after one season. [ 54 ] Cast and crew Principal cast This table shows the major characters that were featured in the films, sorted according to the actors' billing order, those adapted from the video games. A dark grey cell indicates that the character was not in the film. An O indicates an original character that was later adapted by the video games. A Y indicates a role as a younger version of the character. A U indicates an uncredited role. A C indicates a cameo role. A V indicates a voice-only role. An A indicates an appearance through archival footage or photo stills. Additional crew Reception Box office performance Apocalypse , Extinction , Afterlife and Retribution all opened at number one at the North American box office. Critical and public response The first six films, all written and produced by Anderson, received mixed or negative reviews from critics. [ 94 ] [ 95 ] [ better source needed ] However, they have gained a cult following among a distinct subset of reviewers. [ 96 ] Calum Marsh of the National Post admired the Anderson-directed entries, saying: ""The first is classical, close-quarters horror... Part four, Afterlife , is a riot of ludicrous action and superhero brawn... but it's a mere amuse bouche next to the five-star spread of part five, Retribution —a glorious, practically experimental sci-fi action wonder."" [ 94 ] Ignatiy Vishnevetsky of The A.V. Club called them ""lean and lively and fun and totally unpretentious"", and commended Anderson's style, ""focused on organizing action and orientating the viewer"". [ 96 ] Home media Sony Pictures Home Entertainment has released all seven films on DVD , Blu-ray , Ultra HD Blu-ray , and digital download . The original series of films were also released in box sets : Novelizations The novelizations for the first three Resident Evil films were written by Keith R. A. DeCandido . The novelization for the fifth film was written by John Shirley , and the sixth by Tim Waggoner . The fourth film did not receive a novelization. The novel for the first film, titled Resident Evil: Genesis , was published over two years after that film's release, while the Extinction novel was released in late July 2007, two months before the film's release. There was also a Japanese novelization of the first film, unrelated to DeCandido's version, written by Osamu Makino. Makino also wrote two novels based on the game Resident Evil: The Umbrella Chronicles . See also List of highest-grossing horror films Resident Evil (video game series) Notes ↑ Jason Isaacs, who appeared in most of Anderson's early films, [ 55 ] was brought in for a day of filming, making a cameo appearance as a doctor near the end of the film, and he also provided the narration that opens it. In interviews, Anderson said Isaacs' character would be expanded on the sequel, [ 56 ] [ 57 ] to which Isaacs responded he would be happy to return for. [ 58 ] When Isaacs did not return, Anderson created the character of Dr. Isaacs, played by Iain Glen, as a homage to the unnamed doctor that Jason Isaacs played originally. [ 59 ] ↑ According to Anderson, the Ashford family and particularly Dr. Charles Ashford is ""based on the game but with a slightly different role"", indicating he based him on Resident Evil – Code: Veronica ' s Dr. Alexander Ashford. [ 60 ] ↑ Based on the ""Executioner Majini"" creature, from Resident Evil 5 . [ 61 ] References ↑ Schmeink, Lars. Biopunk dystopias: Genetic engineering, society and science fiction. Liverpool University Press, 2017. ↑ ""Zombies Are Worth Over $5 Billion To The American Economy"" . Business Insider . October 25, 2011 . Retrieved January 30, 2021 . ↑ ""America's $5 billion zombie industry: By the numbers"" . The Week . October 27, 2011 . Retrieved January 30, 2021 . 1 2 Reeves, Ben (December 30, 2011). ""Guinness World Records 2012 Gamer's Edition Preview"" . Game Informer . Archived from the original on January 6, 2012 . Retrieved December 31, 2011 . ↑ Mendelson, Scott (January 23, 2017). ""How 'Resident Evil' Became The Most Successful Video Game-Based Franchise Ever"" . Forbes . Retrieved February 1, 2021 . ↑ ""Constantin buys 'Evil' rights"" . Variety . January 14, 1997 . Retrieved September 1, 2010 . ↑ ""Resident Evil Film News"" . Computer and Video Games. January 27, 2001. Archived from the original on October 11, 2007 . Retrieved November 26, 2007 . ↑ Chernov, Matthew (December 14, 2016). ""The film that never was: why George Romero's 'Resident Evil' failed to launch"" . Variety . p. 116 . Retrieved August 29, 2019 . ↑ Weedon, Paul (July 17, 2017). ""George A. Romero (interview)"" . Paul Weedon . Archived from the original on December 20, 2019 . Retrieved June 2, 2019 . ↑ Sarkar, Samit (July 17, 2017). ""Watch George A. Romero discuss his Resident Evil 2 commercial"" . Polygon . Retrieved March 25, 2023 . ↑ Squires, John (November 20, 2024). "" 'George A. Romero's Resident Evil' Documentary Releasing in January 2025 [ Exclusive ] "" . Bloody Disgusting! . Retrieved November 21, 2024 . ↑ Harris, Dana (October 4, 2000). ""Anderson game to take 'Resident' "" . Variety . Retrieved February 28, 2022 . ↑ ""Resident Evil Director explains character and story line changes"" . News Spong. June 26, 2001 . Retrieved February 28, 2022 . ↑ ""Milla Jovovich ready for action!"" . Counting Down. March 14, 2001 . Retrieved November 26, 2007 . [ permanent dead link ] ↑ Dunkley, Cathy (May 9, 2001). ""Col TriStar giving 'Evil' the eye"" . Variety . Retrieved February 28, 2022 . {{ cite magazine }} :  CS1 maint: deprecated archival service ( link ) ↑ Harris, Dana (October 10, 2002). "" 'Resident' redo slated"" . Variety . Retrieved February 28, 2022 . {{ cite magazine }} :  CS1 maint: deprecated archival service ( link ) ↑ Paul W.S. Anderson, Jeremy Bolt (2004). Resident Evil: Apocalypse Writer and Producer Commentary (DVD). Sony Entertainment. ↑ McClintock, Pamela (November 5, 2005). "" 'Evil' knocking"" . Variety . Retrieved February 28, 2022 . ↑ Davidson, Paul (July 27, 2006). ""A Date for Extinction"" . IGN. Archived from the original on March 26, 2012 . Retrieved February 28, 2022 . ↑ ""Digest: Constantine readies 'Evil' sequels"" . The Hollywood Reporter . April 16, 2005. Archived from the original on December 27, 2014 . Retrieved September 1, 2010 . ↑ Bentley, David (July 4, 2009). ""Avatar inspires new Resident Evil trilogy in 3D"" . The Coventry Telegraph . Archived from the original on July 4, 2013 . Retrieved September 1, 2010 . ↑ ""Paul W.S. Anderson is Definitely Directing 'Resident Evil 6' "" . First Showing. March 13, 2013. 1 2 Vlessing, Etan (August 16, 2011). "" 'Resident Evil 5' To Shoot In Toronto"" . The Hollywood Reporter . Archived from the original on October 11, 2011 . Retrieved February 28, 2022 . ↑ Han, Angie (September 13, 2011). ""May Take 'The Low Road', Peter Bogdanovich Joins 'Super 8' Star in 'The Healer', Colin Salmon Seeks 'Retribution' "" . /Film . Archived from the original on September 25, 2011 . Retrieved February 28, 2022 . ↑ Miska, Brad (September 22, 2011). ""Michelle Rodriguez Returning for Some 'Retribution'!"" . Bloody Disgusting . The Collective. Archived from the original on September 24, 2011 . Retrieved February 28, 2022 . ↑ Fleming, Mike (September 27, 2011). ""Michelle Rodriguez, Johann Urb Join Milla Jovovich In 'Resident Evil 6' "" . Deadline Hollywood . Archived from the original on September 28, 2011 . Retrieved September 27, 2011 . ↑ Milla Jovovich [@MillaJovovic] (September 29, 2011). ""AND if u checked out my vid yesterday from the table reading u wld hve noticed Johann Urb! He is our Leon Kennedy n looks jst like him BTW!!"" ( Tweet ) . Retrieved February 28, 2022 – via Twitter . ↑ ""Resident Evil: Retribution Title Tweak"" . IGN . January 9, 2012 . Retrieved June 5, 2012 . 1 2 ""Paul W.S. Anderson Confirms Resident Evil 6 Will End the Franchise"" . MovieWeb. December 21, 2012 . Retrieved February 28, 2022 . ↑ ""Resident Evil 6 Title: Last Installment Called ""The Final Chapter"" "" . Collider . Retrieved August 8, 2015 . 1 2 Vejvoda, Jim (September 18, 2015). ""Resident Evil: The Final Chapter Begins Production, Full Cast and Plot Synopsis Revealed"" . IGN . Retrieved September 19, 2015 . ↑ Luster, Joseph (April 26, 2016). "" ""Resident Evil: The Final Chapter"" Movie to Debut First in Japan"" . Crunchyroll . Ellation, Inc . Retrieved August 30, 2016 . ↑ ""Sony Pictures Dates 16 Films Through"" . ↑ ""Resident Evil: The Final Chapter Poster Released"" . ComicBook . September 6, 2017 . Retrieved February 28, 2022 . ↑ Hopewell, John. "" 'Resident Evil' Franchise Set for a Reboot (EXCLUSIVE)"" . Variety . Retrieved May 21, 2017 . ↑ Busch, Anita (May 22, 2017). "" 'Resident Evil' Franchise Reboot: James Wan On Board To Produce From Greg Russo Script"" . Deadline . ↑ Topel, Fred (December 17, 2018). ""James Wan No Longer Producing 'Resident Evil' [ Exclusive ] "" . Bloody Disgusting! . Retrieved August 20, 2019 . ↑ Kroll, Justin. "" 'Resident Evil' Reboot Finds Writer, Director in '47 Meters Down' Filmmaker (EXCLUSIVE)"" . Variety . Retrieved December 6, 2018 . ↑ Kim, Matt (March 21, 2021). ""New Resident Evil Film Title Officially Revealed"" . IGN . Retrieved August 1, 2022 . ↑ N'Duka, Amanda; D'Alessandro, Anthony (October 6, 2020). "" 'Resident Evil' Reboot: Kaya Scodelario, Robbie Amell, Hannah John-Kamen & More To Star In Origin Story Adaptation"" . Deadline . Retrieved November 8, 2021 . ↑ MacDonald, Darren (September 25, 2020). ""Film industry returns as 'Resident Evil' reboot set to begin filing in Sudbury"" . Northern Ontario . Retrieved November 8, 2021 . ↑ ""Resident Evil: Welcome to Raccoon City Currently Undergoing Reshoots"" . ComicBook . Retrieved November 8, 2021 . ↑ Rubin, Rebecca (March 31, 2021). ""Sony Delays 'Resident Evil' Release Date"" . Variety . Archived from the original on April 19, 2021 . Retrieved March 31, 2021 . ↑ Kit, Borys (January 24, 2025). ""Zach Cregger to Tackle 'Resident Evil' Reboot, Igniting Bidding War"" . The Hollywood Reporter . Retrieved January 28, 2025 . ↑ Borys Kit (March 7, 2025). ""Zach Cregger's 'Resident Evil' Movie Lands at Sony"" . Hollywood Reporter . Retrieved March 7, 2025 . ↑ Jason Pirodsky (June 6, 2025). "" 'Resident Evil': Untitled feature film from Zach Cregger registers to film in Czechia"" . The Prague Reporter . Retrieved June 6, 2025 . ↑ Zach Cregger (August 9, 2025). WEAPONS Q&A – Alamo Drafthouse (Video). YouTube . Retrieved August 11, 2025 . At 8:46, Cregger confirms that Austin Abrams will appear in the upcoming Resident Evil reboot. ↑ McWhertor, Michael (September 2, 2025). ""Resident Evil movie director says he's making it for fans of the games, not the movies"" . Polygon . Retrieved September 3, 2025 . ↑ Borys Kit (September 17, 2025). ""Paul Walter Hauser Joins Austin Abrams in Zach Cregger's 'Resident Evil' Reboot"" . Hollywood Reporter . Retrieved October 20, 2025 . ↑ Borys Kit (October 3, 2025). "" 'Resident Evil': 'Severance' Breakout Zach Cherry, 'True Detective' Star Kali Reis Join Zach Cregger's Reboot (Exclusive)"" . Hollywood Reporter . Retrieved October 20, 2025 . ↑ Andreeva, Nellie (January 24, 2019). "" 'Resident Evil' TV Series In Works At Netflix"" . Deadline Hollywood . Archived from the original on November 22, 2019 . Retrieved August 27, 2020 . ↑ Goldberg, Lesley (August 27, 2020). "" 'Resident Evil' TV Series Officially a Go at Netflix"" . The Hollywood Reporter . Archived from the original on August 27, 2020 . Retrieved August 27, 2020 . ↑ Rosario, Alexandra Del (March 17, 2022). ""Netflix's 'Resident Evil' Live-Action Series Gets Premiere Date & Art"" . Deadline . Retrieved August 1, 2023 . ↑ Andreeva, Nellie (August 26, 2022). "" 'Resident Evil' Series Canceled By Netflix After One Season"" . Deadline . Retrieved August 1, 2023 . ↑ Capone. ""Capone sits with Jason Isaacs for GOOD conversation about HARRY POTTER, GREEN ZONE, and how to..."" AintItCool . Retrieved February 28, 2022 . ↑ ""The Arrow interviews...Paul Anderson! (Part 2)"" . joblo.com . Archived from the original on March 4, 2016 . Retrieved February 11, 2017 . ↑ ""Paul Anderson talks Nemesis! Ghost Ship photos! Michael Gross in Sci-Fi's Tremors series? Matrix storyboards!"" . movieweb.com . July 11, 2002 . Retrieved February 11, 2017 . ↑ ""Latino Review"" . archive.org . July 5, 2008. Archived from the original on July 5, 2008 . Retrieved February 11, 2017 . ↑ Paul W. S. Anderson (writer) (December 28, 2004). Resident Evil: Apocalypse (Writer and Producer Commentary) (DVD). Sony Pictures Home Entertainment.  Event occurs at 01:19:37. ↑ Paul W. S. Anderson (Writer) (December 28, 2004). Resident Evil: Apocalypse (Writer and Producer Commentary) (DVD). Sony Pictures Home Entertainment.  Event occurs at 17:55. ↑ ""5 Best Moments from the Resident Evil Movies"" . Escapist Magazine . Retrieved February 28, 2022 . ↑ ""Bingbing Li: Asia's Next Breakout Star"" . glamasia.com . June 27, 2014 . Retrieved February 11, 2017 . ↑ ""Resident Evil (2002) - Financial Information"" . The Numbers . Retrieved January 25, 2021 . ↑ ""Resident Evil (2002)"" . Box Office Mojo . Retrieved February 28, 2022 . ↑ ""Resident Evil: Apocalypse (2004)"" . Box Office Mojo . Retrieved February 28, 2022 . ↑ ""Resident Evil: Extinction (2007) - Financial Information"" . The Numbers . Retrieved January 25, 2021 . ↑ ""Resident Evil: Extinction (2007)"" . Box Office Mojo . Retrieved February 28, 2022 . ↑ ""Resident Evil: Afterlife (2010)"" . Box Office Mojo . Retrieved February 28, 2022 . ↑ ""Resident Evil: Retribution (2012) - Financial Information"" . The Numbers . Retrieved January 25, 2021 . ↑ ""Resident Evil: Retribution (2012)"" . Box Office Mojo . Retrieved February 28, 2022 . ↑ ""Resident Evil: The Final Chapter (2016) - Financial Information"" . The Numbers . Retrieved January 25, 2021 . ↑ ""Resident Evil: The Final Chapter (2017)"" . Box Office Mojo . Retrieved February 28, 2022 . ↑ ""Resident Evil: Welcome to Raccoon City"" . Box Office Mojo . Retrieved November 28, 2021 . ↑ ""Resident Evil: Welcome to Raccoon City (2021) - Financial Information"" . The Numbers . Retrieved November 24, 2021 . ↑ DeVore, Britta; Weintraub, Steven (February 19, 2026). ""Zach Cregger's Resident Evil Reboot Sounds Nothing Like the Ones Before [ Exclusive ] "" . Collider . Retrieved September 4, 2026 . ↑ ""Resident Evil Movies at the Box Office"" . Box Office Mojo . Archived from the original on June 3, 2019 . Retrieved March 26, 2017 . ↑ ""Home"" . Cinemascore . Retrieved November 30, 2021 . ↑ ""Resident Evil (2002)"" . Rotten Tomatoes . Retrieved January 20, 2021 . ↑ ""Resident Evil"" . Metacritic . Retrieved April 30, 2026 . ↑ ""Resident Evil: Apocalypse (2004)"" . Rotten Tomatoes . Retrieved April 30, 2026 . ↑ ""Resident Evil: Apocalypse"" . Metacritic . Retrieved June 19, 2014 . ↑ ""Resident Evil: Extinction (2007)"" . Rotten Tomatoes . Retrieved July 27, 2023 . ↑ ""Resident Evil: Extinction"" . Metacritic . Retrieved June 19, 2014 . ↑ ""Resident Evil: Afterlife"" . Rotten Tomatoes . Retrieved January 20, 2021 . ↑ ""Resident Evil: Afterlife"" . Metacritic . Retrieved June 19, 2014 . ↑ ""Resident Evil: Retribution"" . Rotten Tomatoes . Retrieved April 30, 2026 . ↑ ""Resident Evil: Retribution"" . Metacritic . Retrieved June 19, 2014 . ↑ ""Resident Evil: The Final Chapter"" . Rotten Tomatoes . Retrieved April 30, 2026 . ↑ ""Resident Evil: The Final Chapter"" . Metacritic . Retrieved January 27, 2017 . ↑ Resident Evil: Welcome to Raccoon City , retrieved April 30, 2026 ↑ ""Resident Evil: Welcome to Raccoon City"" . Metacritic . Retrieved November 23, 2021 . ↑ Resident Evil (2026) , retrieved September 17, 2026 ↑ ""Resident Evil (2026)"" . Metacritic . Retrieved September 17, 2026 . 1 2 Marsh, Calum (January 27, 2017). ""The newest Resident Evil failed to screen for critics – because critics failed Resident Evil"" . National Post . Retrieved August 1, 2022 . ↑ Marshall, Andrew (August 18, 2019). ""New Resident Evil Movie In Development"" . Screen Rant . Retrieved December 22, 2022 . Although generally receiving mixed to negative reviews from critics, each installment was popular enough with audiences to turn enough of a profit that more were made. 1 2 Vishnevetsky, Ignatiy (December 11, 2014). ""Alice in wasteland: A play-through of the 5 Resident Evil movies"" . The A.V. Club . Retrieved August 1, 2022 . Anderson's work has an unusual relationship with film criticism, because, while his movies—most of which don't screen for the press—get drubbed by most reviewers, they also enjoy a serious cult following among a distinct subset of critics. ↑ ""Resident Evil / Resident Evil: Apocalypse"" . Amazon . Retrieved August 17, 2014 . ↑ ""Resident Evil: The High Definition Trilogy"" . Amazon . Retrieved August 17, 2014 . ↑ ""Resident Evil Trilogy"" . Amazon . Retrieved August 17, 2014 . ↑ ""The Resident Evil Collection"" . Amazon . Retrieved August 17, 2014 . ↑ ""The Resident Evil Collection"" . Amazon . Retrieved August 17, 2014 . ↑ ""Resident Evil Collection"" . Amazon . Retrieved August 17, 2014 . ↑ ""Resident Evil The Complete Collection"" . Amazon.com . {{ cite web }} :  CS1 maint: deprecated archival service ( link ) v t e Resident Evil Resident Evil 2 Resident Evil 3: Nemesis Resident Evil – Code: Veronica Resident Evil Zero Resident Evil 4 Resident Evil 5 Resident Evil 6 Resident Evil 7: Biohazard Resident Evil Village Resident Evil Requiem Resident Evil Resident Evil 2 Resident Evil 3 Resident Evil 4 Resident Evil Veronica Revelations Revelations 2 Outbreak Outbreak: File #2 Survivor Survivor 2 – Code: Veronica Dead Aim The Umbrella Chronicles The Darkside Chronicles Gaiden The Mercenaries 3D Operation Raccoon City Umbrella Corps Resistance Mobile games Resident Evil (2002) Apocalypse Extinction Afterlife Retribution The Final Chapter Welcome to Raccoon City Resident Evil (2026) Biohazard 4D-Executer (short film) Degeneration Damnation Vendetta Death Island Infinite Darkness Resident Evil Chris Redfield Jill Valentine Barry Burton Rebecca Chambers Albert Wesker Claire Redfield Leon S. Kennedy Sherry Birkin Ada Wong William Birkin Mr. X Nemesis Lisa Trevor Ashley Graham Luis Sera Merchant Sheva Alomar Ethan Winters Baker family Lady Dimitrescu Grace Ashcroft Raccoon City Raccoon Police Station Raccoon Police Station Spencer Mansion Umbrella Corporation Zombies Tokuro Fujiwara Shinji Mikami Hideki Kamiya Hiroyuki Kobayashi Noboru Sugimura Jun Takeuchi Capcom Five RE Engine Resident Evil 1.5 Sweet Home Marvel vs. Capcom 2: New Age of Heroes 3: Fate of Two Worlds Ultimate Infinite 2: New Age of Heroes 3: Fate of Two Worlds Ultimate Ultimate Infinite Under the Skin Namco × Capcom Project X Zone 2 2 Resident Evil 4 HD Project Dead by Daylight Puzzle Fighter Teppen George A. Romero's Resident Evil Save Room Category v t e 28 Days Later 30 Days of Night Anaconda Annie Are We There Yet? Bad Boys Blondie The Blue Lagoon Boston Blackie Charlie's Angels The Craft Cruel Intentions Daddy Day Care Death Wish Dracula Dragon Tattoo Stories ! The Equalizer Escape Room Five Little Peppers Frankenstein Fright Night Ghost Rider Ghostbusters Gidget Grown Ups The Grudge Heavy Metal I Know What You Did Last Summer James Bond ! Jumanji Zathura Zathura Jump Street Jungle Jim The Karate Kid Little Women Men in Black Mexico Trilogy My Girl Paul Blart: Mall Cop The Pink Panther ! Pippi Longstocking Robert Langdon Rusty Silly Symphony Single White Female Spider-Man Sam Raimi The Amazing Spider-Man Marvel Cinematic Universe # Spider-Man Universe Sam Raimi The Amazing Spider-Man Marvel Cinematic Universe # Spider-Man Universe Stuart Little Superman The Three Stooges The Trouble with Angels Urban Legend When a Stranger Calls Wild Things XXX Zombieland Don't Breathe Hostel Insidious Resident Evil Searching Underworld Angry Birds Cloudy with a Chance of Meatballs Goosebumps Hotel Transylvania KPop Demon Hunters ◈ Open Season Peter Rabbit The Smurfs Spider-Verse 90 Day Fiancé Alex Rider Bewitched The Boondocks The Boys ! Breaking Bad Dawson's Creek Days of Our Lives Fantasy Island Harold and the Purple Crayon Hilda Idol Jeopardy! Lake Placid Peanuts Seinfeld Shark Tank So You Think You Can Dance Wheel of Fortune Who Wants to Be a Millionaire? The Young and the Restless 3 Ninjas Evil Dead Godzilla Iron Eagle Look Who's Talking Matilda Short Circuit Sniper Starship Troopers Thanksgiving Universal Soldier Demon Slayer: Kimetsu no Yaiba Kill la Kill Puella Magi Madoka Magica Sword Art Online Ascendance of a Bookworm Dragon Ball KonoSuba Love Live Luck & Logic My Hero Academia Rent-A-Girlfriend Soul Eater Spy × Family Show by Rock!! Uzaki-chan Wants to Hang Out! YuYu Hakusho Zombie Land Saga Ape Escape Arc the Lad Astro Bot Buzz! Between the Sky and Sea Destiny Doko Demo Issyo Everybody's Golf EverQuest God of War Gran Turismo Horizon Infamous Invizimals Jak and Daxter Jet Moto Killzone The Last of Us Lemmings PopoloCrois Cool Boarders LittleBigPlanet Marvel's Spider-Man # MediEvil MLB: The Show MotorStorm NBA NFL GameDay PaRappa the Rapper Ratchet & Clank Resistance SingStar Sly Cooper SOCOM U.S. Navy SEALs Syphon Filter This Is Football Twisted Metal Uncharted Until Dawn Wild Arms Wipeout # Shared with Marvel Comics / Marvel Studios ◈ Co-owned by Netflix, Inc. ! Shared with Amazon MGM Studios / MGM Category France BnF data Resident Evil (film series) Biopunk films Action film series Capcom franchises Film series introduced in 2002 Science fiction horror film series Zombie film series Films about rebellions Columbia Pictures franchises Screen Gems franchises Sony Pictures franchises German film series Mad scientist films Articles with short description Short description is different from Wikidata Use mdy dates from March 2019 Wikipedia articles needing rewrite from March 2026 All articles needing rewrite Pages using infobox film with missing date All articles with dead external links Articles with dead external links from June 2023 Articles with permanently dead external links CS1 maint: deprecated archival service All articles lacking reliable references Articles lacking reliable references from March 2025"
Resident Evil,https://grokipedia.com/page/resident_evil_the_vampire_diaries_,"Resident Evil ( The Vampire Diaries ) Synopsis Plot Summary Key Themes Production Development Filming and Casting Music and Soundtrack Featured Songs ""Woman"" by Wolfmother ""Mad World"" by Sara Hickman (cover of Tears for Fears) ""Warm/Happy"" by The Lonely Forest ""It Was Blue"" by Angus Stone [9] Original Score Broadcast and Release Air Date and Viewership Home Media Reception Critical Reviews Audience Response References https://www.imdb.com/title/tt3244074/ https://www.imdb.com/title/tt3244074/fullcredits https://ew.com/recap/vampire-diaries-season-5-episode-18/ https://www.imdb.com/title/tt3244074/plotsummary/ https://www.hollywoodreporter.com/tv/tv-news/vampire-diaries-paul-wesley-directing-696937/ https://www.imdb.com/title/tt3244074/fullcredits/ https://www.imdb.com/title/tt1405406/locations/ https://vampirediaries.fandom.com/wiki/Season_Five https://www.imdb.com/title/tt3244074/soundtrack/ https://tvseriesfinale.com/tv-show/the-vampire-diaries-season-five-ratings-30237/ https://www.blu-ray.com/movies/The-Vampire-Diaries-The-Complete-Fifth-Season-Blu-ray/106842/ https://www.newdvdreleasedates.com/m2081/the-vampire-diaries-season-5-dvd-release-date https://vampirediaries.fandom.com/wiki/The_Vampire_Diaries:_The_Complete_Fifth_Season_(DVD) https://www.hidefninja.com/2014/09/25/the-vampire-diaries-season-5-blu-ray-review/ https://www.the-numbers.com/tv-show/Vampire-Diaries-The https://www.justwatch.com/us/tv-show/the-vampire-diaries/season-5 https://www.denofgeek.com/tv/the-vampire-diaries-season-5-episode-18-review-resident-evil/ https://www.spoilertv.com/2014/04/the-vampire-diaries-episode-518_18.html https://www.reddit.com/r/TheVampireDiaries/comments/23artz/episode_discussion_s05e18_resident_evil/ https://archiveofourown.org/tags/The%20Vampire%20Diaries%20%28TV%29/works"
Pathfinder Online RPG,https://en.wikipedia.org/wiki/Pathfinder_Online,"Pathfinder Online was a MMORPG developed by Goblinworks based on Paizo 's Pathfinder Roleplaying Game . Its development suffered from wide layoffs, it was unable to find a major publisher, and the game was shut down on November 28, 2021. [ 1 ] [ 2 ] Development A computer game adaptation of the Pathfinder universe, Pathfinder Online , was announced on November 27, 2012 by Goblinworks and Paizo and was successful in attracting Kickstarter crowdfunding [ 3 ] [ 4 ] in 2013 to finance its development. [ 5 ] [ 6 ] An official alpha test was announced in late June 2014. [ 7 ] Early enrollment was announced on July 29, 2015. [ 8 ] On September 2, 2015, Lisa Stevens, acting CEO of Goblinworks and CEO of Paizo Publishing announced layoffs of most of the Pathfinder Online development team. [ 9 ] As of March 2016, the project was in the process of transitioning to a new developer. [ 10 ] On March 17, 2017, a roadmap for the future development of Pathfinder Online was posted on the Goblinworks blog. [ 11 ] On July 27, 2021, it was announced by Goblinworks that they planned to shut the game down permanently on November 28, 2021, after a finale event. [ 2 ] References ↑ Lisa Stevens (September 2, 2015). ""Lisa's Community Address"" . Goblinworks Inc. Archived from the original on January 5, 2018 . Retrieved November 24, 2015 . 1 2 Settles, Bob (July 27, 2021). ""The Denoument"" . Archived from the original on July 28, 2021 . Retrieved June 1, 2023 . ↑ Erik Kain (December 13, 2012). ""A Brief Look At The 'Pathfinder Online' Sandbox MMO On Kickstarter"" . Forbes . ↑ ""Pathfinder Online: A Fantasy Sandbox MMO"" . Kickstarter . Retrieved October 2, 2015 . ↑ Matt Daniel (January 14, 2013). ""Pathfinder Online Kickstarter now successfully funded [ Updated ] "" . Massively. Archived from the original on May 10, 2013 . Retrieved November 2, 2015 . ↑ ""Pathfinder Online Reaches $1,000,000 Kickstarter Goal – Black Gate"" . January 14, 2013. ↑ Ryan Dancey (June 26, 2014). ""Aaaaaaaaand Away We Go!"" . Goblinworks. Archived from the original on September 13, 2014 . Retrieved November 2, 2015 . ↑ ""Pathfinder Online: A Fantasy Sandbox MMO"" . Kickstarter . Retrieved October 1, 2015 . ↑ Mike Hines (September 2, 2015). ""Lisa's Community Address"" . Goblinworks. Archived from the original on January 5, 2018 . Retrieved November 24, 2015 . ↑ Bob Settles (February 29, 2016). ""Investor Update March 1, 2016"" . Goblinworks. ↑ ""The Road Forward"" . March 20, 2017. External links Goblinworks - official developer Web site v t e Paizo Lisa Stevens Jason Bulmahn James L. Sutter Lisa Stevens Jason Bulmahn James L. Sutter Books Periodicals Rise of the Runelords Rise of the Runelords Online Kingmaker Wrath of the Righteous Starfinder Dungeons & Dragons d20 System This massively multiplayer online role-playing game article is a stub . You can help Wikipedia by adding missing information . v t e Massively multiplayer online role-playing game stubs Cancelled Windows games Fantasy massively multiplayer online role-playing games Inactive massively multiplayer online games Kickstarter-funded video games Online games shut down in 2021 Pathfinder Video games based on tabletop role-playing games Articles with short description Short description matches Wikidata Use mdy dates from November 2018 All stub articles"
Pathfinder Online RPG,https://en.wikipedia.org/wiki/Pathfinder_Roleplaying_Game,"August 2009 ; 17 years ago ( 2009-08 ) 2019 (2nd edition) 2023 (2nd edition remastered) The Pathfinder Roleplaying Game is a fantasy role-playing game (RPG) that was published in 2009 by Paizo Publishing . The first edition extends and modifies the System Reference Document (SRD) based on the revised 3rd edition Dungeons & Dragons ( D&D ) published by Wizards of the Coast under the Open Game License (OGL) and is intended to be backward-compatible with that edition. A new version of the game, Pathfinder Second Edition , was released in August 2019. It continued to use the OGL and SRD, but significant revisions to the core rules made the new edition incompatible with content from either Pathfinder 1st Edition or any edition of D&D. Starting in 2023, the game instead uses the ORC license, though it remains backwards-compatible with the existing OGL-licensed Second Edition rules. Pathfinder is supported by the official Pathfinder periodicals and various third-party content created to be compatible with the game. Gameplay Pathfinder is a tabletop role-playing game based on a d20 system , in which most outcomes are based on the roll of a 20-sided die along with additional modifiers. One player acts as the game master for one or more other players, guiding them through an adventure path (or module), which can consist of exploration, combat, and non-violent interactions with non-player characters. Pathfinder is set in a high fantasy world, where the primary technology is akin to the Middle Ages , and coexists alongside magic and fantasy creatures. Players create a character based on their species and a character class , which establishes many of their fundamental attributes, such as hit points, attack modifiers, skill checks, and saving throws. Background Beginning in 2002, Paizo took over publishing Dragon and Dungeon magazines, which were about the Dungeons & Dragons ( D&D ) role-playing game, under contract to the game's publishers Wizards of the Coast . Wizards of the Coast chose not to renew the contract in early 2007 and Paizo began publishing the Pathfinder periodical line as a replacement. [ 1 ] In August 2007, Wizards of the Coast announced the pending release of the 4th edition of D&D (4e), which replaced version 3.5 (3.5e). Many of the staff at Paizo were concerned about the more restrictive Game System License under which the 4th edition was being released, compared to the earlier Open Game License (OGL). [ 2 ] They had also not been provided with a copy of the 4e rules. [ 3 ] During their time publishing the magazines, Paizo developed their own adventure path, Shackled City , using the 3.5e rules, originally published in segments within Dungeon over several issues and later collected for release in a standalone project. Due to the uncertainty with the 4e rules and license, Paizo developed a new adventure path called Pathfinder , designed to bridge the gap from 3.5e to 4e, but still based on the 3.5e rules as they knew the current 3.5e license allowed for third party material that was compatible. Jason Bulmahn , one of the Paizo designers, had envisioned a modified ruleset from 3.5e with Pathfinder in mind, and when he presented his idea to the company, they decided to go all in to make a wholly new ruleset named the Pathfinder Roleplaying Game , with Bulmahn leading its design. [ 3 ] [ 4 ] [ 5 ] Announced in March 2008, Pathfinder was designed over the course of a year using an open playtest model, where players could try the system and post their feedback on Paizo's website. [ 6 ] The first Pathfinder rulebook was released in 2008. Paizo was not sure how D&D fans would react to a derivative project, nor how Wizard of the Coast would respond. Preorders for the first printing were sold out before Paizo had received their books, and they quickly issued a second printing to meet the high demand. [ 3 ] First edition Informally nicknamed D&D version 3.75, [ 7 ] the first edition of Pathfinder is a modification of the 3.5e rules and is intended to be compatible with the older game. [ 8 ] Bulmahn felt that the basic classes of 3.5e were lackluster, as they did not provide incentive to stay with a single class for 20 levels of play. Pathfinder adds many options to the classes and boosts their abilities in their core roles. The game has also been modified compared to D&D version 3.5. [ 8 ] Changes were made involving balance between different game elements. For example, less combat-oriented classes receive more hit points each level than their 3.5 counterparts. Additionally, several aspects of 3.5 have been changed in Pathfinder , including several spells, the skill system and combat maneuvers such as tripping and grappling. The material published by Paizo for the Pathfinder system has been set in a world called Golarion. [ 2 ] Paizo also introduced the Pathfinder Society , an organized game play program. [ 9 ] Players register their characters on Paizo's website, allowing players to use their characters in different play sessions and different groups while continuing to earn experience, money and prestige points. After a session has ended, the player will receive a chronicle sheet, listing what has been earned during the session. The player will use these chronicle sheets to log this information on the website. Second edition In March 2018, Paizo announced that it would be conducting a playtest for a second Edition of Pathfinder . [ 10 ] Paizo announced in May 2018 that it was working on Pathfinder Second Edition to refine elements of the rule set to reflect feedback and clarification on the original system over the prior years. The preliminary ruleset was published in August 2018 as Pathfinder Playtest so that players could test out and provide feedback. [ 11 ] The final rule set was released on August 1, 2019. [ 12 ] [ 13 ] A 6-volume Adventure Path was released for Second Edition, designed to take player characters from 1st to 20th level. [ 14 ] Among key changes in the second edition is a streamlined action economy. Each round, each character can perform up to three actions on their turn as well as one reaction on their own turn or another character's turn. Most basic moves, such as moving across the ground, drawing a weapon, or making an attack cost a single action, while more complicated maneuvers may require two or three actions. [ 15 ] [ 16 ] The rules around magic items have been changed to discourage players from hoarding too many items and instead encouraging them to seek out more powerful equipment. [ 11 ] Critical hits have also been changed – a critical success now occurs any time a combatant rolls 10 more than the target's armor class. Combatants can also critically succeed when defending which usually results in no effect rather than the reduced effect a save would usually bring. [ 17 ] Finally there has been a broad change to all number scaling of skills, armor class, attack rolls, saves, and difficulty classes. All these numbers now scale 1-to-1 with a character's level plus a stat plus a bonus between two and eight depending on their proficiency. This results in extremely bounded values when compared to the first edition. Stats have also had their range lowered when compared to the first edition. In October 2021, Paizo announced a partnership with Demiplane to provide Pathfinder Nexus; the online platform provides a digital rules and lore compendium for Pathfinder Second Edition , character creation and management tools, matchmaking , and video chat functionality. An early access version of Pathfinder Nexus, titled Pathfinder Primer, was launched at the time of the announcement. [ 18 ] [ 19 ] [ 20 ] Second Edition Remaster In April 2023, Paizo announced a set of four new primary rulebooks ( Player Core , GM Core , Monster Core , and Player Core 2 ), to be released over the course of 2023 and 2024. Collectively referred to as the Pathfinder Second Edition Remaster Project , these four new books are intended to fully replace the existing four primary rulebooks (the Core Rulebook , Bestiary , Gamemastery Guide , and Advanced Player's Guide ) which will not be reprinted in the future. [ 21 ] In addition to incorporating extensive errata based on player feedback, these new books (and all future Paizo publications) would be published under the new Open RPG Creative License (ORC), rather than the previous OGL, due to significant controversy over the license earlier that year. [ 22 ] Because of this licensing transition, certain game elements (such as some spells, magic items, and monsters) inherited from the Dungeons & Dragons 3.5 SRD had to be either renamed or replaced, or in some cases fully removed (such as alignment , or the eight schools of magic ). Despite these changes, the new books remain backwards-compatible with existing Second Edition supplements. [ 23 ] Supplementary material The first edition has been supplemented by expansions and accessory books which contain expanded rules, new classes, spells, equipment, and other optional game features. The books in the Bestiary series contain statistics and descriptions of creatures that player characters may encounter. A related supplement, the Monster Codex (2014), offered a selection of more specialized monsters, such as a ""goblin vulture rider"". [ 24 ] The Advanced Player's Guide (2010) allowed Paizo to expand the game beyond its d20 System roots by adding six new base classes, and added the concept of class ""archetypes"", themed variations of the core classes with alternate class features. [ 25 ] : 224 [ 26 ] [ 27 ] The Advanced Class Guide (2014) expanded the options for character development further by adding ten more character classes, including the investigator, the swashbuckler, and the warpriest. [ 28 ] [ 29 ] Pathfinder Unchained (2015) offered a variety of optional rules to streamline or otherwise customize gameplay, including new rules for skills and magic items, and alternative versions of classes like the summoner. [ 30 ] [ 31 ] Further Pathfinder supplements include the Advanced Race Guide (2012), which extended the options for player character races; Mythic Adventures (2013), which provided options for ""epic level"" play beyond the core game's normal limits; [ 32 ] and Occult Adventures (2016), which introduced six supernatural classes including the kineticist, medium, and psychic. [ 33 ] [ 34 ] Paizo also produced the Pathfinder Beginner Box , a basic version of the Pathfinder rules intended to introduce new gamers to the hobby. [ 25 ] : 228 OtherWorld Creations (later renamed to Super Genius Games ) published a series of Genius Guide books for Pathfinder , beginning with The Genius Guide to the Shaman (2009), and added Owen K.C. Stephens as their Pathfinder line manager, publishing a new Pathfinder PDF weekly starting in November 2009. [ 25 ] : 226–227 OtherWorld Creations was the most prolific licensee for Pathfinder at that time, and compiled their PDFs for print beginning with Adventurer's Handbook: Genius Guide Volume 1 (2010), leading Paizo to significantly promote the company. [ 25 ] : 227 The founders of Super Genius Games left the company in 2013, and formed the publisher Rogue Genius Games to take over publishing their Pathfinder releases. [ 25 ] : 227 Accessories produced include gridded maps, both specific to adventures and generic. Pathfinder Pawns is a line of boxed sets featuring cardboard illustrations of characters and monsters that can be used as gaming miniatures ; Pathfinder Battles , a line of plastic miniatures, is produced under license by WizKids . [ 24 ] Reception Pathfinder was the top-selling role-playing game in spring 2011, fall 2012, spring 2013, fall 2013, and summer 2014. [ 35 ] During that four-year period, Pathfinder was at times able to outsell Dungeons & Dragons itself, which was the best-selling game through various editions between 1974 and 2010. [ 36 ] Upon the release of Dungeons & Dragons 5th edition , that game has regained the top spot since fall 2014, with Pathfinder consistently still ranking second to D&D in sales. [ 37 ] Paizo has won ENnie Awards at Gen Con in a variety of categories including Best Publisher and Best Game. [ 38 ] [ 39 ] The beta release of the first edition of the game won the 2008 Silver ENnie award for ""Best Free Product or Web-Enhancement"". [ 40 ] The Pathfinder Second Edition Core Rulebook is a 2020 Origins Award nominee, [ 41 ] and winner of the 2019 Techraptor Award (Readers' Choice as Tabletop RPG of the Year). [ 42 ] Scott Taylor for Black Gate in 2013 rated Pathfinder as #3 in the top ten role-playing games of all time, saying ""The release of the Pathfinder RPG in 2008 was the springboard needed by the company to harness the power of a glut of D&D 3.0 and 3.5 players incensed by WotC's change to D&D 4E .  The result is a game that has revolutionized what it means to use an OGL to your favor while making a name for itself as an inspired company who has the best wishes of their players foremost in their minds."" [ 43 ] When reviewing the second edition in August 2019, Charlie Hall of Polygon said it ""feels unified and complete, rather than a hodgepodge of errata and exceptions that had accumulated for its previous iteration. As an exercise in graphic design, the Pathfinder Core Rulebook itself is extraordinary. Details that would be relegated to a sidebar or a tiny, bespoke graphic in other game systems get entire pages with elaborate diagrams and drawings. That kind of attention to detail, coupled with the repetition within the text itself, makes it a true reference document"". [ 15 ] Pathfinder Player Core won the 2024 Silver ENNIE Award for ""Best Rules"", and Pathfinder Lost Omens: Tian Xia World Guide won the 2024 Gold ENNIE Award for ""Best Setting"". [ 44 ] Related products Card games A card game based on the role-playing game, the Pathfinder Adventure Card Game , was released at Gen Con 2013. It was designed by Mike Selinker of Lone Shark Games. [ 45 ] The initial set for the game, Rise of the Runelords , was followed by the expansions Skull and Shackles , Wrath of the Righteous and Mummy's Mask . [ 46 ] A second edition of the core game set introducing a story book element was released in May 2019. [ citation needed ] A Pathfinder -themed edition of the Munchkin card game was released by Steve Jackson Games in 2013. [ 47 ] Fiction Paizo published a line of novels, Pathfinder Tales , based in the Pathfinder setting. The first book, Prince of Wolves , was released in 2010 and was written by Dave Gross , former editor of Dragon magazine . [ 48 ] Other titles in the series, which numbers over 30 books, include City of the Fallen Sky by Tim Pratt , [ 49 ] Winter Witch by Elaine Cunningham , The Wizard's Mask by Ed Greenwood , and Death's Heretic by line editor James L. Sutter . [ 50 ] Dynamite Entertainment has produced a line of Pathfinder comic books, [ 25 ] : 228 including a spin-off title, Pathfinder: Goblins , [ 50 ] [ 51 ] as well as Pathfinder: Worldscape , which also featured characters such as Red Sonja , Tarzan and John Carter . Big Finish Productions has produced a series of audio dramas based on the Pathfinder setting called Pathfinder Legends . [ 52 ] [ 53 ] As a promotion for the second edition of Pathfinder , Paizo teamed up with Geek & Sundry to produce an actual play series called Pathfinder: Knights of Everflame , which sees Jason Bulmahn run a game for five adventurers using this game system. [ 54 ] As of November 2019, the series has finished its first 8-episode season, and is currently in the middle of its second season. [ 55 ] [ 56 ] Video games Three video games based in the Pathfinder setting have been published. Pathfinder Online , a massively multiplayer online roleplaying game , was announced on November 27, 2012, by Paizo and Goblin Works and was successful in attracting crowdfunding on Kickstarter to finance its development. [ 57 ] [ 58 ] [ 59 ] An official alpha test was announced in late June 2014. [ 60 ] Early enrollment was announced on July 29, 2015. [ 61 ] On September 2, 2015, Lisa Stevens, acting CEO of Goblin Works and CEO of Paizo announced layoffs at Goblin Works of most of the Pathfinder Online development team. [ 62 ] The game has never left early enrollment. On May 17, 2017, another video game, Pathfinder: Kingmaker , was announced by Paizo and developer Owlcat Games. [ 63 ] [ 64 ] An accompanying Kickstarter campaign was launched in June 2017. [ 65 ] The game was released on September 25, 2018. [ 66 ] It is an isometric RPG similar to the Infinity Engine games, and adapts the Kingmaker adventure path using the Pathfinder first edition rules. In February 2020, Owlcat Games launched a Kickstarter campaign to fund a sequel entitled Pathfinder: Wrath of the Righteous . It was set for alpha testing in April 2020 [ 67 ] and was released on September 2, 2021. [ 68 ] The game is an adaptation of Paizo's ""Wrath of the Righteous"" adventure path. [ 69 ] Pathfinder for Savage Worlds In November 2020, Paizo and Pinnacle Entertainment Group announced Pathfinder for Savage Worlds , an adaptation of the setting of Pathfinder for use with Pinnacle's Savage Worlds RPG. The initial line launched on August 1, 2022, and includes Pathfinder for Savage Worlds: Core Rules , Pathfinder for Savage Worlds: Bestiary , and Pathfinder for Savage Worlds: Companion . Boxed sets were also released at the same time, including Pathfinder for Savage Worlds: Rise of the Runelords and Pathfinder for Savage Worlds: Ultimate Boxed Set . The Savage Worlds gameplay differs from that of Pathfinder Second Edition by having players create characters with edges and hinderances, or abilities and flaws, as well as seeing players roll different kinds of polyhedral dice depending on how competent their character is at performing the task at hand. [ 70 ] See also The Glass Cannon List of Pathfinder books Starfinder Roleplaying Game References ↑ "" 'Dragon' and 'Dungeon' Magazines to End Paizo Launching 'Pathfinder' "" . ICv2.com . April 20, 2007 . Retrieved October 2, 2013 . 1 2 Tito, Greg (December 28, 2011). ""The State of D&D: Present"" . The Escapist . Archived from the original on January 3, 2014 . Retrieved October 1, 2013 . 1 2 3 Hall, Charlie (August 1, 2016). ""The story of Pathfinder, Dungeons & Dragons' most popular offspring"" . Polygon . Retrieved January 20, 2025 . ↑ LaSala, Jeff (March 25, 2008). ""7 Role-Playing Games You Should Play on International TableTop Day"" . Geek O System . Geekosystem, LLC . Retrieved April 10, 2018 . ↑ Baichtal, John (March 25, 2008). ""No D&D 4E for Paizo?!?"" . Wired.com . Conde Nast . Retrieved October 1, 2013 . ↑ ""Welcome to the Pathfinder Roleplaying Game!"" . April 11, 2014 . Retrieved April 17, 2014 . ↑ Bonanno, Janelle (March 28, 2013). ""Put More Pirates in Your Pathfinder With Freeport"" . The Escapist . Retrieved April 17, 2014 . 1 2 LaSala, Jeff (March 29, 2013), ""7 Role-Playing Games You Should Play on International TableTop Day"" , Geek O System , Geekosystem, LLC , retrieved April 13, 2013 . ↑ ""Organized Play | Paizo"" . paizo.com . ↑ ""Modular: Pathfinder 2nd Edition Announced – Never Say Never – Black Gate"" . March 7, 2018. 1 2 Hall, Charlie (May 10, 2018). ""Pathfinder, with roots in a decades-old strain of D&D, is launching a second edition"" . Polygon . Retrieved May 10, 2018 . ↑ Gavin Sheenan (March 6, 2019). ""Paizo Officially Announces Pathfinder Second Edition Release Date"" . BleedingCool.com . Retrieved April 29, 2019 . ↑ ""Pathfinder Second Edition – Black Gate"" . August 31, 2019. ↑ ""Pathfinder Second Edition and Virtual PaizoCon – Black Gate"" . May 19, 2020. 1 2 Hall, Charlie (August 1, 2019). ""Dungeons & Dragons' biggest competitor comes into its own with new release"" . Polygon . Retrieved August 1, 2019 . ↑ Ferguson, Sam (July 30, 2019). ""How to follow-up Pathfinder? Improve the game, don't radically change its character"" . Ars Technica . Retrieved August 1, 2019 . ↑ Nelson, Samantha (June 24, 2019). ""First Impressions of Pathfinder Second Edition"" . Escapist Magazine . Retrieved August 1, 2019 . ↑ ""Pathfinder 2nd Edition Official Companion Release & Pre-Orders Announced"" . ScreenRant . October 26, 2021 . Retrieved June 29, 2022 . ↑ Sheehan, Gavin (October 26, 2021). ""Paizo Partners With Demiplane To Launch Pathfinder Nexus"" . Bleeding Cool News And Rumors . Retrieved June 29, 2022 . ↑ ""Pathfinder Nexus, the rival RPG's equivalent to D&D Beyond, is coming next year"" . Dicebreaker . October 27, 2021 . Retrieved June 29, 2022 . ↑ ""paizo.com - Community / Paizo Blog"" . paizo.com . Retrieved August 10, 2024 . ↑ Valentine, Robin (July 5, 2023). ""The creators of Pathfinder have released their own version of D&D's controversial OGL—and it could have a huge impact on all tabletop RPGs"" . PC Gamer . Retrieved November 17, 2023 . ↑ ""Paizo Announces 4-Book Pathfinder Remaster Project"" . Gizmodo . April 26, 2023 . Retrieved November 4, 2023 . 1 2 ""Pathfinder Roleplaying game: Here be monsters"" . Deseret News . May 8, 2015. Archived from the original on September 24, 2015 . Retrieved August 4, 2015 . 1 2 3 4 5 6 Shannon Appelcline (2014). Designers & Dragons: The '00s . Evil Hat Productions . ISBN 978-1-61317-087-8 . ↑ ""Pathfinder Roleplaying Game: Advanced Player's Guide (OGL)"" . Paizo Publishing . Retrieved July 13, 2015 . ↑ ""D&D Knights Help Oklahoma Tornado Victims"" . io9 . May 29, 2013 . Retrieved July 14, 2015 . ↑ "" 'Pathfinder' fantasy roleplaying adventure is fun, exciting"" . Deseret News . March 26, 2015. Archived from the original on April 1, 2015 . Retrieved August 4, 2015 . ↑ ""Pathfinder Advanced Class Guide: How the classes stack up (Part 1)"" . denverpost.com. July 8, 2014 . Retrieved July 13, 2015 . ↑ ""Pathfinder Unchained Lets You Hack Your Tabletop Roleplaying Campaign"" . The Escapist . April 30, 2015 . Retrieved August 24, 2015 . ↑ ""Pathfinder role-playing game: Unchained review"" . Deseret News . August 20, 2015. Archived from the original on September 24, 2015 . Retrieved August 24, 2015 . ↑ ""The Good, the Bad, and the Ugly of Pathfinder's Advanced Race Guide"" . tor.com. June 21, 2012 . Retrieved July 13, 2015 . ↑ ""How Mythic Adventures Massively Raises the Stakes for Pathfinder"" . io9.com. December 23, 2013 . Retrieved July 13, 2015 . ↑ ""Pathfinder Roleplaying Game: Occult Adventures (OGL)"" . Paizo Publishing . Retrieved January 8, 2023 . ↑ ""Top 5 RPGs—Q2 2011"" . IcV2. August 4, 2011 . Retrieved October 2, 2013 . ""Top 5 RPGs—Fall 2013"" . IcV2. March 13, 2014 . Retrieved April 16, 2014 . ""Top 5 RPGs—Fall 2012"" . IcV2. March 29, 2012 . Retrieved October 2, 2013 . ""Top 5 RPGs—Spring 2013"" . IcV2. July 15, 2013 . Retrieved October 2, 2013 . Top 5 RPGs—Summer 2013 , accessed February 9, 2018 ""Top 5 RPGs—Q2 2011"" . IcV2. August 4, 2011 . Retrieved October 2, 2013 . ""Top 5 RPGs—Fall 2013"" . IcV2. March 13, 2014 . Retrieved April 16, 2014 . ""Top 5 RPGs—Fall 2012"" . IcV2. March 29, 2012 . Retrieved October 2, 2013 . ""Top 5 RPGs—Spring 2013"" . IcV2. July 15, 2013 . Retrieved October 2, 2013 . Top 5 RPGs—Summer 2013 , accessed February 9, 2018 ↑ Forbing, Jeremy (December 22, 2013). ""Dungeons & Dragons Next Edition Out Summer 2014"" . Guardian Liberty Voice . Retrieved April 16, 2014 . ↑ Top 5 RPGs - Fall 2014 , accessed February 9, 2018 Top 5 RPGs - Spring 2015 , accessed February 9, 2018 Top 5 RPGs - Fall 2015 , accessed February 9, 2018 Top 5 RPGs - Spring 2016 , accessed February 9, 2018 Top 5 RPGs - Fall 2016 , accessed February 9, 2018 Top 5 RPGs - Spring 2017 , accessed February 9, 2018 Top 5 RPGs - Fall 2014 , accessed February 9, 2018 Top 5 RPGs - Spring 2015 , accessed February 9, 2018 Top 5 RPGs - Fall 2015 , accessed February 9, 2018 Top 5 RPGs - Spring 2016 , accessed February 9, 2018 Top 5 RPGs - Fall 2016 , accessed February 9, 2018 Top 5 RPGs - Spring 2017 , accessed February 9, 2018 ↑ ""2013 nominees and winners"" . ENnies. August 17, 2013. Archived from the original on August 22, 2020 . Retrieved October 2, 2013 . ↑ ""2010 nominees and winners"" . ENnies. Archived from the original on November 2, 2013 . Retrieved October 2, 2013 . ↑ Lafayette, Lev (October 23, 2007). ""Review of Pathfinder Beta"" . RPGnet d20 . Retrieved July 23, 2010 . ↑ ""2020 Origins Awards Nominees"" . The Academy of Adventure Gaming Arts & Design . September 29, 2020. ↑ ""2019 Techraptor Awards – Tabletop RPG of the Year"" . January 9, 2020. ↑ ""Art of the Genre: The Top 10 Role-Playing Games of All-Time – Black Gate"" . June 10, 2013. ↑ ""2024 Nominees – ENNIE Awards"" . Retrieved July 9, 2024 . ↑ Bolding, Jonathon (April 12, 2014). "" Pathfinder Adventure Card Game Organized Play, Individual Decks Revealed"" . The Escapist . Retrieved April 17, 2014 . ↑ Morgenegg, Ryan (May 27, 2015). ""Pathfinder Adventure card game review: Wrath of the Righteous"" . Deseret News . Archived from the original on August 10, 2015 . Retrieved August 4, 2015 . ↑ ""Munchkin Pathfinder"" . munchkin.game . ↑ Gross, Dave (2010). Pathfinder Tales; Prince of Wolves . Seattle: Paizo Pub. ISBN 978-1-60125-287-6 . OCLC 972374791 . ↑ ""Pathfinder Tales: City of the Fallen Sky"" . Retrieved August 4, 2015 . 1 2 Reid, Calvin (November 29, 2013). ""Paizo's Magical Realm of RPG Publishing"" . Publishers Weekly . Retrieved August 4, 2015 . ↑ ""Best Shots Advance Reviews: SATELLITE SAM #2, PATHFINDER: GOBLINS! #1"" . Newsarama . August 6, 2013. Archived from the original on August 10, 2013 . Retrieved August 2, 2015 . ↑ ""Pathfinder Legends"" . Bigfinish.com . ↑ ""Enter the World of Pathfinder Legends… at a Discount! – Black Gate"" . March 26, 2014. ↑ ""paizo.com - Community / Paizo Blog"" . paizo.com . Retrieved November 13, 2019 . ↑ ""Pathfinder: Knights of Everflame | Geek and Sundry"" . geekandsundry.com . Archived from the original on August 7, 2019 . Retrieved November 13, 2019 . ↑ ""Paizo | Watch Knights of Everflame"" . www.paizo.com . Retrieved November 13, 2019 . ↑ Erik Kain (December 13, 2012). ""A Brief Look At The 'Pathfinder Online' Sandbox MMO On Kickstarter"" . Forbes . ↑ ""Pathfinder Online: A Fantasy Sandbox MMO"" . Kickstarter . Retrieved October 2, 2015 . ↑ Matt Daniel (January 14, 2013). ""Pathfinder Online Kickstarter now successfully funded [ Updated ] "" . Massively. Archived from the original on May 10, 2013 . Retrieved May 28, 2014 . ↑ Dancey, Ryan (June 26, 2014). ""Aaaaaaaaand Away We Go!"" . Goblin Works. Archived from the original on September 13, 2014 . Retrieved June 27, 2014 . ↑ ""Pathfinder Online: A Fantasy Sandbox MMO"" . Kickstarter . Retrieved October 1, 2015 . ↑ Mike Hines (September 2, 2015). ""Lisa's Community Address"" . Goblin Works. Archived from the original on January 5, 2018 . Retrieved October 2, 2019 . ↑ O'Connor, Alice (May 17, 2017). ""Pathfinder: Kingmaker bringing tabletop RPG to PC"" . Rock, Paper, Shotgun . Retrieved August 26, 2017 . ↑ Wilson, Jason (May 31, 2017). ""Pathfinder: Kingmaker launches $500,000 Kickstarter for extra content, not the base game (update)"" . GamesBeat . VentureBeat . Retrieved August 26, 2017 . ↑ ""Kickstarter-Pathfinder: Kingmaker"" . Retrieved December 19, 2018 . ↑ ""Pathfinder: Kingmaker on Steam"" . Retrieved December 19, 2018 . ↑ ""Owlcat Games - We create CPRGS in Pathfinder universe"" . ↑ ""Pathfinder: Wrath of the Righteous"" . Retrieved September 5, 2021 . ↑ ""paizo.com - Store / Pathfinder / Adventures / Adventure Path / First Edition / Wrath of the Righteous (#73-78)"" . paizo.com . ↑ ""Classic Pathfinder adventure released for Savage Worlds tabletop RPG"" . Dicebreaker . June 22, 2022 . Retrieved October 6, 2022 . External links Pathfinder - official site Art of the Genre: Rise of the Runelords at Black Gate v t e Paizo Lisa Stevens Jason Bulmahn James L. Sutter Lisa Stevens Jason Bulmahn James L. Sutter Books Periodicals Rise of the Runelords Rise of the Runelords Online Kingmaker Wrath of the Righteous Starfinder Dungeons & Dragons d20 System v t e Monte Cook Jonathan Tweet Skip Williams Dungeons & Dragons d20 Modern d20 Future d20 Apocalypse d20 Past d20 Future d20 Apocalypse d20 Past Star Wars Roleplaying Game The Wheel of Time Roleplaying Game System Reference Document Open Game License Game System License 13th Age Castles & Crusades Conan: The Roleplaying Game Dungeon Crawl Classics EverQuest RPG Judge Dredd RPG Mutants & Masterminds Pathfinder Spycraft Starfinder Stargate SG-1 True20 D20 System Fantasy role-playing games Open-source tabletop games Paizo games Pathfinder Role-playing games introduced in 2009 Articles with short description Short description matches Wikidata Use mdy dates from August 2019 All articles with unsourced statements Articles with unsourced statements from February 2020 Commons category link is on Wikidata"
Pathfinder Online RPG,https://paizo.com/pathfinder,"Pathfinder Second Edition: Forge Your Legend! A world of adventure awaits, but it needs you to be the hero of the story! Pathfinder is a fantasy tabletop roleplaying game where you tell heroic tales in a world of quests, magic, monsters, and treasures. Your choices, and the roll of the dice, determine how the story unfolds. Explore Golarion! Rulebooks Pathfinder rulebooks give you the tools you need to tell the kinds of stories you want to tell. Whether you’ve created your own world or are enjoying the Lost Omens, these books are your window to epic adventures across the cosmos. Impossible Magic The perfect spell can solve just about any problem. From simple cantrips to reality-warping magic, this new rulebook contains a plethora of options for any adventurer who wants to delve into the unknown and unlock their true magical potential. Get Impossible Magic Today! Explore More Rulebooks Rulebooks Pathfinder rulebooks give you the tools you need to tell the kinds of stories you want to tell. Whether you’ve created your own world or are enjoying the Lost Omens, these books are your window to epic adventures across the cosmos. Impossible Magic The perfect spell can solve just about any problem. From simple cantrips to reality-warping magic, this new rulebook contains a plethora of options for any adventurer who wants to delve into the unknown and unlock their true magical potential. World Guides The Age of Lost Omens is the world of the Pathfinder Roleplaying Game, extensively detailed in world guides that bring the setting to life with new character options, lore, maps, and more. High Seas Set a course for grand adventures with this expansive hardcover guide to the open waters of the Inner Sea. Each entry within this gazetteer includes the history, culture, and current events of the region, as well as a major city to include in a variety adventures. The book also includes new character options and a fold-out poster map! Set Sail on the High Seas Explore The World of Lost Omens World Guides The Age of Lost Omens is the world of the Pathfinder Roleplaying Game, extensively detailed in world guides that bring the setting to life with new character options, lore, maps, and more. High Seas Set a course for grand adventures with this expansive hardcover guide to the open waters of the Inner Sea. Each entry within this gazetteer includes the history, culture, and current events of the region, as well as a major city to include in a variety adventures. The book also includes new character options and a fold-out poster map! Adventures Weave tales of mystery, exploration, and adventure in the world of Pathfinder! Each adventure takes characters across a wide range of levels and provides the Game Master with all the monsters, encounters, treasure, and backstory they need for a compelling play experience. Bastion of Blasphemies Adventure Path Florin Kindler lost her parents to one of Ustalav’s most notorious hauntings—they perished, as so many have, after a visit from the Black Coach of Bastardhall. Arguably the most notorious of all the haunted castles of the Inner Sea region.  Will your PCs be able to break the curse of Bastardhall and escape, or are they fated to become the latest in a long line of vanishings into one of Golarion’s most infamous ruins? Explore the Bastion of Blasphemies Adventure Path More Pathfinder Adventures Adventures Weave tales of mystery, exploration, and adventure in the world of Pathfinder! Each adventure takes characters across a wide range of levels and provides the Game Master with all the monsters, encounters, treasure, and backstory they need for a compelling play experience. Bastion of Blasphemies Adventure Path Florin Kindler lost her parents to one of Ustalav’s most notorious hauntings—they perished, as so many have, after a visit from the Black Coach of Bastardhall. Arguably the most notorious of all the haunted castles of the Inner Sea region.  Will your PCs be able to break the curse of Bastardhall and escape, or are they fated to become the latest in a long line of vanishings into one of Golarion’s most infamous ruins? Here are some additional resources available for download to help get you started and make your game even better! Character Sheets Download free remastered Player Core Character Sheet in printer-friend color. Download free legacy character sheets in black and white and color . Pre-generated Characters No time to create a character? Play as one of our Iconics with our Remastered Pre-generated Characters or download our legacy Pre-generated Characters ! Demo Adventure Download Torment and Legacy , a free adventure to introduce players to Pathfinder Second Edition. Conversion Guide Download the Conversion Guide for some advice on converting your world or character to Pathfinder Second Edition. Archives of Nethys Archives of Nethys offers a free online Pathfinder Player's Guide to help you learn and play! Character Builder Pathfinder Nexus Explore this product in the digital reader and compendium during Early Access of Paizo’s official digital toolset: Pathfinder Nexus . Character Builder Hero Lab Hero Lab Online revolutionizes character creation, allowing you to create characters in minutes and take them with you everywhere you go. Immersive RPG Sounds Syrinscape is an app usable in both tabletop and online play that brings beautiful, immersive sound effects and music to your Starfinder game. Pathfinder Infinite Pathfinder Infinite is the official community content marketplace for publishers to create and sell their own adventures, rules, fiction, art, maps, and more using the official setting of Golarion. Virtual Tabletops Explore Pathfinder across virtual tabletops including Foundry VTT ; a browser based VTT, Fantasy Grounds ; an installable client VTT, and Roll20 ; a browser based VTT. Join The Conversation Join the conversation and engage with other community members on the Pathfinder Forums . Have Questions? Check out the Pathfinder FAQ and if you can't find the answers you're looking for here, head over to our forums ! STAY UP TO DATE WITH PATHFINDER Subscriptions! Never miss a product release again with Pathfinder subscriptions that suit your playstyle. From core rulebooks, world guides, and accessories to the latest Pathfinder Battles release, customize your subscription and unlock greater rewards, like discounts and free Pathfinder Society content. We have updated our Privacy Policy. Paizo.com uses cookies. You can block paizo.com from using cookies within your browser settings, but doing so will hinder site functionality. More information can be found in our Privacy Policy."
Pathfinder Online RPG,https://pathfinderwiki.com/wiki/Pathfinder_Online,"This page uses content from Wikipedia . The original article was at Pathfinder Online . The list of authors can be seen in the page history . The text of Wikipedia is available under the Creative Commons Attribution-ShareAlike License . Pathfinder Online , a massively multiplayer online (MMO) fantasy roleplaying game, was in development by Paizo Inc. , and was previously developed by Goblinworks . Pathfinder Online took place in Pathfinder campaign setting , and was a hybrid sandbox/theme park-style MMO roleplaying game where characters could explore, develop, and dominate the River Kingdoms , a treacherous no-man's-land of squabbling kingdoms on the edge of wilderness. Players could explore, adventure, develop, and dominate their domains by playing fighters , rogues , wizards , or any of the Pathfinder Roleplaying Game's many character types, or they could use the game's archetype system go beyond standard options. Pathfinder Online's robust trading system put players in control of the world's economy with player-created items, consumables, fortifications, and settlements. Character-controlled settlements grew into full-fledged kingdoms that competed for resources as they seek to become the dominant force in the land, raising vast armies to hold their territory against the depredations of monstrous creatures, NPC factions, and other player characters. Social organizations scale from small parties of a few adventurers to player nations inhabited by thousands. As settlements develop, the surrounding wilderness developed more complex and challenging features, including randomly generated encounters and resources as well as scripted adventures. Development A computer game adaptation of the Pathfinder universe, Pathfinder Online , was launched on November 27, 2012 by Goblin Works and Paizo and was successful in attracting Kickstarter crowdfunding 1 2 in 2013 to finance its development. 3 An official alpha test was announced in late June 2014. 4 Early enrollment was announced on July 29, 2015. 2 On August 28, 2015, Goblinworks laid off most of its staff due to a lack of anticipated funding, and announced talks with publishers to continue work on Pathfinder Online. 5 On March 17, 2017, Lisa Stevens announced that Paizo would fully take over and continue developing Pathfinder Online on its own, with a goal of opening enrollment in March 2018. 6 Pathfinder Online shut down November 28, 2021. 7 References ↑ Erik Kain. (December 13, 2012). A Brief Look At The 'Pathfinder Online' Sandbox MMO On Kickstarter , Forbes. ↑ 2.0 2.1 Goblinworks . (October 2, 2015). Pathfinder Online: A Fantasy Sandbox MMO , Kickstarter. ↑ Matt Daniel. (January 14, 2013). Pathfinder Online Kickstarter now successfully funded (Updated) , Massively. ↑ Ryan Dancey . (June 26, 2014). Aaaaaaaaand Away We Go! , Goblinworks . ↑ Lisa Stevens . (September 2, 2015). Lisa's Community Address , Goblinworks Blog. ↑ Lisa Stevens . (March 17, 2017). The Road Forward , Goblinworks Blog. ↑ Pathfinder Online Disables All Purchases and Charges Ahead of Shutdown This Month , MMORPG.com news blog. External links Pathfinder Online on Wikipedia Games and sourcebooks Pathfinder Adventure Pathfinder Adventure Card Game Pathfinder Adventure Path Pathfinder Bounty Pathfinder Game Night Pathfinder Lost Omens Pathfinder Second Edition Pathfinder Society Accessories and fiction Pathfinder Accessories Pathfinder Flip‑Mat Pathfinder Flip‑Tiles Pathfinder Pawns Pathfinder Spell Cards Accessories Pathfinder Battles ( Deep Cuts ) Pathfinder Book Tabs Pathfinder Paper Minis Pathfinder Terrain Board games Pathfinder: Level 20 Pathfinder Revolution! Books and adventures Absalom, City of Lost Omens Gold Edition Heroes for Highdelve Pathfinder Comics Pathfinder for Savage Worlds Digital games Kingmaker Pathfinder: Abomination Vaults Pathfinder Adventures Pathfinder Duels Pathfinder: Gallowspire Survivors Pathfinder: Lore Masters Wrath of the Righteous Soundtracks Syrinscape Kingmaker Original Game Soundtrack Seven Dooms for Sandpoint Original Soundtrack Wardens of Wildwood Original Soundtrack Pathfinder Campaign Setting Pathfinder Cards Pathfinder Legends Pathfinder Map Pack Pathfinder Miniatures Pathfinder Modules Pathfinder One-Shot Pathfinder Online Pathfinder Player Companion Pathfinder Playtest Pathfinder Roleplaying Game (1st ed.) Pathfinder Society Roleplaying Guild Pathfinder Tales Real-world articles Pathfinder Online Digital games 2012 digital games Product lines"
